0.529787234,0.923670213,1.114361702,0.588829787,5.998226958,0.0,0.0,1.0,3.0,0.0,0.0,1.0,3
0.629787234,1.023670213,0.664361702,0.638829787,4.664893618,0.0,0.0,1.0,2.0,1.0,0.0,1.0,3
0.429787234,0.973670213,1.114361702,0.888829787,3.831560278,0.0,0.0,1.0,2.0,1.0,0.0,1.0,3
0.629787234,0.823670213,0.614361702,0.488829787,6.664893618,0.0,0.0,1.0,2.0,1.0,0.0,1.0,3
0.529787234,0.623670213,0.764361702,0.638829787,4.498226958,0.0,0.0,1.0,2.0,1.0,0.0,1.0,3
0.179787234,0.923670213,1.064361702,0.738829787,3.331560278,0.0,0.0,1.0,2.0,1.0,0.0,0.0,3
0.629787234,0.523670213,0.764361702,0.638829787,4.998226958,0.0,0.0,1.0,2.0,1.0,0.0,1.0,3
0.529787234,0.723670213,1.114361702,0.338829787,2.998226958,0.0,0.0,1.0,3.0,1.0,1.0,0.0,3
0.079787234,0.073670213,-0.485638298,0.438829787,1.498226958,0.0,0.0,1.0,2.0,1.0,0.0,0.0,3
0.629787234,0.573670213,0.614361702,0.838829787,3.331560278,0.0,0.0,1.0,2.0,1.0,0.0,1.0,3
-0.020212766,0.923670213,0.664361702,0.338829787,1.831560278,0.0,0.0,1.0,2.0,1.0,0.0,0.0,3
-0.270212766,0.523670213,1.064361702,-0.211170213,2.331560278,0.0,0.0,1.0,3.0,1.0,0.0,1.0,3
0.429787234,0.573670213,0.514361702,0.688829787,3.498226958,0.0,0.0,1.0,2.0,0.0,0.0,1.0,3
0.279787234,0.723670213,0.364361702,-1.011170213,2.831560278,0.0,0.0,1.0,2.0,1.0,0.0,0.0,3
0.279787234,0.523670213,-0.135638298,0.388829787,2.498226958,0.0,0.0,1.0,2.0,1.0,0.0,0.0,3
-2.020212766,0.723670213,0.814361702,0.538829787,3.331560278,0.0,0.0,0.0,2.0,0.0,0.0,1.0,3
0.179787234,0.623670213,0.364361702,0.338829787,-0.001773042,0.0,0.0,1.0,3.0,1.0,0.0,0.0,3
0.629787234,0.773670213,0.514361702,0.388829787,0.164893618,0.0,0.0,1.0,3.0,1.0,0.0,0.0,3
0.179787234,0.573670213,0.614361702,-0.011170213,0.998226958,0.0,0.0,1.0,2.0,1.0,0.0,0.0,3
-0.920212766,0.723670213,-0.235638298,0.338829787,0.998226958,0.0,0.0,0.0,2.0,1.0,0.0,0.0,3
0.229787234,0.723670213,1.064361702,0.788829787,-0.001773042,0.0,0.0,1.0,2.0,1.0,0.0,1.0,3
0.429787234,0.923670213,1.114361702,0.588829787,0.164893618,0.0,0.0,1.0,3.0,1.0,0.0,0.0,3
0.329787234,0.923670213,0.864361702,0.488829787,-0.501773042,0.0,0.0,1.0,2.0,1.0,1.0,0.0,3
0.629787234,-0.076329787,1.064361702,0.038829787,1.498226958,0.0,0.0,0.0,2.0,1.0,0.0,1.0,3
0.429787234,0.823670213,0.714361702,0.638829787,0.831560278,0.0,0.0,0.0,3.0,1.0,0.0,0.0,3
-0.370212766,0.573670213,-0.285638298,0.838829787,1.831560278,0.0,0.0,1.0,4.0,0.0,0.0,1.0,3
0.379787234,-0.026329787,0.014361702,0.538829787,2.664893618,0.0,0.0,1.0,2.0,1.0,0.0,1.0,3
0.229787234,0.673670213,0.564361702,0.638829787,2.498226958,0.0,0.0,1.0,2.0,1.0,0.0,0.0,3
0.329787234,0.623670213,0.664361702,0.488829787,3.664893618,0.0,0.0,1.0,2.0,1.0,0.0,0.0,3
0.429787234,0.723670213,0.064361702,0.388829787,-0.001773042,0.0,0.0,0.0,3.0,0.0,0.0,1.0,3
0.279787234,0.423670213,0.114361702,0.388829787,-0.168439722,0.0,0.0,0.0,4.0,0.0,1.0,0.0,2
0.429787234,0.373670213,0.164361702,0.388829787,0.831560278,0.0,0.0,1.0,3.0,1.0,0.0,0.0,2
0.229787234,0.773670213,0.814361702,-0.161170213,1.498226958,0.0,0.0,1.0,2.0,1.0,0.0,0.0,2
0.329787234,-1.776329787,0.414361702,0.588829787,4.831560278,0.0,0.0,1.0,3.0,1.0,0.0,0.0,2
0.079787234,0.923670213,0.114361702,0.688829787,0.831560278,0.0,0.0,1.0,2.0,1.0,0.0,0.0,2
0.629787234,0.823670213,1.064361702,0.738829787,-1.168439722,0.0,0.0,0.0,3.0,1.0,0.0,0.0,2
-0.020212766,0.523670213,-0.435638298,0.288829787,-0.335106382,0.0,0.0,0.0,2.0,1.0,0.0,0.0,2
0.379787234,0.273670213,1.064361702,0.738829787,-2.168439722,0.0,0.0,1.0,2.0,1.0,0.0,0.0,2
0.129787234,0.923670213,0.614361702,0.188829787,0.498226958,0.0,0.0,1.0,2.0,1.0,0.0,0.0,2
0.379787234,0.723670213,0.364361702,0.938829787,-0.168439722,0.0,0.0,0.0,3.0,0.0,0.0,1.0,2
-0.520212766,0.523670213,0.864361702,0.238829787,1.331560278,0.0,0.0,0.0,1.0,1.0,0.0,1.0,2
0.229787234,0.823670213,0.864361702,0.388829787,-0.501773042,0.0,0.0,1.0,2.0,1.0,0.0,0.0,2
0.429787234,0.523670213,-0.385638298,0.138829787,-0.668439722,0.0,0.0,1.0,2.0,1.0,0.0,0.0,2
0.129787234,0.373670213,-0.735638298,0.238829787,2.664893618,0.0,0.0,1.0,2.0,1.0,0.0,0.0,2
-0.020212766,0.623670213,0.814361702,0.188829787,-1.668439722,0.0,0.0,1.0,2.0,1.0,0.0,0.0,2
-0.870212766,0.323670213,0.214361702,0.588829787,0.164893618,0.0,0.0,1.0,3.0,1.0,0.0,0.0,2
0.329787234,0.873670213,1.114361702,0.488829787,-0.168439722,0.0,0.0,1.0,2.0,1.0,0.0,0.0,2
-0.120212766,0.523670213,-0.635638298,0.538829787,0.164893618,0.0,0.0,1.0,3.0,1.0,0.0,0.0,2
0.229787234,0.273670213,-0.285638298,0.338829787,-0.335106382,0.0,0.0,1.0,3.0,1.0,0.0,0.0,2
0.329787234,0.973670213,0.864361702,0.788829787,-2.835106382,0.0,0.0,0.0,3.0,1.0,0.0,0.0,2
0.329787234,0.973670213,0.714361702,0.738829787,-0.001773042,0.0,0.0,0.0,3.0,1.0,0.0,0.0,2
0.079787234,-0.626329787,-0.985638298,0.088829787,0.998226958,0.0,0.0,0.0,2.0,0.0,0.0,1.0,2
0.429787234,0.523670213,0.764361702,0.638829787,-0.835106382,0.0,0.0,1.0,3.0,1.0,0.0,0.0,2
0.129787234,0.523670213,-0.235638298,0.188829787,-0.835106382,0.0,0.0,0.0,2.0,1.0,0.0,0.0,2
0.629787234,1.023670213,1.114361702,0.888829787,-0.668439722,0.0,0.0,0.0,3.0,1.0,0.0,1.0,2
-0.020212766,-0.026329787,-0.135638298,0.188829787,4.331560278,0.0,0.0,1.0,2.0,0.0,1.0,1.0,2
0.379787234,-0.226329787,-0.885638298,-0.511170213,0.498226958,0.0,0.0,0.0,3.0,0.0,0.0,1.0,2
-0.420212766,0.423670213,-0.935638298,-0.711170213,-1.335106382,0.0,0.0,0.0,4.0,1.0,0.0,0.0,2
0.529787234,0.723670213,0.864361702,0.788829787,-0.335106382,0.0,0.0,0.0,3.0,1.0,0.0,0.0,2
0.529787234,0.623670213,-0.435638298,0.338829787,-1.668439722,0.0,0.0,0.0,3.0,1.0,0.0,0.0,2
0.429787234,0.573670213,-0.635638298,0.438829787,-1.001773042,0.0,0.0,0.0,3.0,1.0,0.0,0.0,2
-1.070212766,-0.076329787,0.664361702,-0.661170213,-2.835106382,0.0,0.0,1.0,3.0,1.0,0.0,0.0,2
0.329787234,0.523670213,-0.985638298,0.188829787,-0.835106382,0.0,0.0,1.0,4.0,1.0,0.0,0.0,2
-0.320212766,0.623670213,-0.285638298,0.588829787,-0.001773042,0.0,0.0,1.0,2.0,1.0,0.0,0.0,2
0.629787234,0.923670213,0.864361702,0.788829787,-1.835106382,0.0,0.0,0.0,3.0,1.0,0.0,0.0,2
0.229787234,0.123670213,0.714361702,0.388829787,0.831560278,0.0,0.0,1.0,3.0,1.0,0.0,0.0,2
-0.270212766,0.373670213,0.614361702,0.738829787,-0.335106382,0.0,0.0,0.0,2.0,1.0,0.0,0.0,2
0.079787234,-2.126329787,-0.285638298,-0.061170213,-2.335106382,0.0,0.0,0.0,4.0,0.0,0.0,1.0,1
0.029787234,0.623670213,-0.135638298,0.438829787,-3.001773042,0.0,0.0,1.0,3.0,1.0,0.0,0.0,1
0.279787234,-1.276329787,-0.385638298,0.038829787,-0.668439722,0.0,0.0,1.0,3.0,1.0,0.0,0.0,1
0.079787234,-0.476329787,0.314361702,-0.211170213,-2.668439722,0.0,0.0,1.0,2.0,1.0,0.0,0.0,1
0.529787234,1.023670213,0.864361702,0.888829787,-2.668439722,0.0,0.0,0.0,3.0,1.0,0.0,0.0,1
-0.120212766,0.948670213,-0.185638298,-0.511170213,2.831560278,0.0,0.0,0.0,3.0,0.0,0.0,1.0,1
-0.070212766,0.373670213,1.014361702,-0.161170213,-2.168439722,0.0,0.0,1.0,2.0,0.0,0.0,1.0,1
0.529787234,-3.976329787,-3.885638298,-1.961170213,-1.335106382,2.0,0.0,1.0,2.0,0.0,0.0,0.0,1
-0.270212766,0.623670213,-0.135638298,0.538829787,-3.168439722,0.0,0.0,0.0,3.0,1.0,0.0,0.0,1
0.279787234,0.173670213,0.214361702,-0.011170213,-2.835106382,0.0,0.0,0.0,3.0,1.0,0.0,0.0,1
0.029787234,0.773670213,-0.685638298,0.488829787,-3.668439722,0.0,0.0,1.0,3.0,1.0,0.0,0.0,1
0.129787234,-0.176329787,-0.535638298,0.188829787,-3.335106382,0.0,0.0,1.0,2.0,1.0,0.0,0.0,1
0.229787234,-3.976329787,-0.685638298,-0.111170213,-2.835106382,1.0,0.0,1.0,2.0,1.0,0.0,0.0,1
0.029787234,0.123670213,-0.885638298,-1.061170213,-2.168439722,0.0,0.0,0.0,3.0,0.0,0.0,0.0,1
0.179787234,0.373670213,-0.885638298,0.388829787,-4.335106382,0.0,0.0,1.0,3.0,1.0,0.0,0.0,1
0.329787234,-3.976329787,-3.885638298,-2.261170213,-4.001773042,2.0,0.0,1.0,4.0,1.0,0.0,0.0,1
-4.370212766,-3.976329787,-0.735638298,-0.361170213,-5.501773042,2.0,0.0,0.0,3.0,1.0,0.0,0.0,1
0.429787234,-0.376329787,-0.285638298,-0.711170213,-3.668439722,0.0,0.0,1.0,3.0,1.0,0.0,0.0,1
-1.070212766,0.723670213,-0.585638298,-0.261170213,-0.835106382,0.0,0.0,1.0,3.0,1.0,0.0,0.0,1
0.429787234,-2.526329787,-1.885638298,-1.011170213,-2.168439722,0.0,0.0,1.0,4.0,1.0,0.0,0.0,1
0.429787234,-0.676329787,-0.985638298,-2.511170213,-1.835106382,0.0,0.0,0.0,3.0,0.0,0.0,0.0,1
-0.070212766,-2.226329787,-0.435638298,-0.861170213,-0.668439722,0.0,0.0,1.0,3.0,1.0,0.0,0.0,1
-1.270212766,-2.626329787,-2.535638298,-4.061170213,-1.168439722,1.0,0.0,0.0,2.0,1.0,0.0,0.0,1
-0.670212766,-2.026329787,-0.935638298,-1.961170213,-5.335106382,0.0,0.0,1.0,4.0,0.0,0.0,1.0,1
-0.670212766,-3.976329787,-3.885638298,-4.061170213,-1.001773042,3.0,0.0,0.0,2.0,0.0,0.0,0.0,1
-4.370212766,-3.976329787,-3.885638298,-4.061170213,-1.001773042,4.0,0.0,0.0,4.0,0.0,0.0,1.0,1
-3.220212766,-3.976329787,0.814361702,-4.061170213,-8.168439722,2.0,0.0,1.0,1.0,1.0,0.0,0.0,1
0.819382022,0.690595089,0.660382022,1.335143003,5.787738154,0.0,0.0,1.0,2.0,1.0,0.0,0.0,3
0.819382022,0.505409904,0.610382022,1.289688457,4.265999024,0.0,0.0,1.0,4.0,0.0,0.0,1.0,3
0.119382022,0.394298793,0.360382022,0.516961184,5.352955544,0.0,0.0,1.0,2.0,1.0,0.0,0.0,3
0.569382022,0.357261756,0.660382022,1.380597548,5.352955544,0.0,0.0,1.0,2.0,1.0,0.0,0.0,3
0.669382022,0.690595089,0.166382022,1.244233912,2.744259894,0.0,0.0,1.0,2.0,1.0,0.0,0.0,3
0.769382022,0.690595089,0.414882022,0.471506639,3.396433804,0.0,0.0,1.0,1.0,0.0,0.0,1.0,3
0.669382022,0.690595089,0.560382022,0.971506639,4.918172934,0.0,0.0,1.0,2.0,1.0,0.0,0.0,3
0.519382022,0.579483978,0.660382022,0.971506639,4.700781634,0.0,0.0,1.0,3.0,1.0,0.0,0.0,3
0.819382022,0.579483978,0.660382022,1.06241573,5.135564244,0.0,0.0,1.0,2.0,1.0,0.0,0.0,3
0.619382022,-0.050145652,0.480882022,1.289688457,2.961651194,0.0,0.0,1.0,2.0,0.0,0.0,1.0,3
0.819382022,0.098002496,0.217882022,1.335143003,3.613825114,0.0,0.0,1.0,2.0,0.0,0.0,1.0,3
0.619382022,0.579483978,0.660382022,1.244233912,1.657303374,0.0,0.0,1.0,2.0,0.0,0.0,0.0,3
0.819382022,0.579483978,0.660382022,1.380597548,3.831216414,0.0,0.0,0.0,2.0,1.0,0.0,0.0,3
0.569382022,0.690595089,0.610382022,1.153324821,4.048607724,0.0,0.0,1.0,2.0,1.0,0.0,0.0,3
0.569382022,0.394298793,-0.639617978,0.835143003,3.831216414,0.0,0.0,1.0,3.0,1.0,0.0,0.0,3
0.319382022,0.505409904,0.660382022,0.698779366,3.179042504,0.0,0.0,1.0,2.0,1.0,0.0,0.0,3
0.819382022,0.690595089,0.510382022,1.380597548,4.700781634,0.0,0.0,1.0,3.0,1.0,0.0,0.0,3
0.619382022,0.579483978,0.010382022,0.380597548,3.613825114,0.0,0.0,1.0,2.0,1.0,0.0,0.0,3
0.619382022,-0.235330837,0.560382022,1.244233912,3.179042504,0.0,0.0,1.0,2.0,1.0,0.0,0.0,3
0.819382022,0.357261756,0.560382022,0.426052093,2.526868584,0.0,0.0,1.0,4.0,1.0,0.0,0.0,3
0.569382022,0.43133583,0.660382022,1.359688457,2.092085984,0.0,0.0,1.0,4.0,0.0,1.0,0.0,3
0.819382022,0.653558052,0.360382022,1.335143003,5.352955544,0.0,0.0,1.0,2.0,0.0,0.0,1.0,3
0.819382022,0.616521015,0.610382022,1.380597548,2.092085984,0.0,0.0,1.0,3.0,1.0,0.0,0.0,3
0.419382022,0.690595089,0.560382022,-0.528493361,1.222520764,0.0,0.0,1.0,2.0,1.0,0.0,0.0,3
0.819382022,0.690595089,0.660382022,1.153324821,0.135564244,0.0,0.0,1.0,3.0,0.0,0.0,1.0,3
0.719382022,0.505409904,0.660382022,1.380597548,4.700781634,0.0,0.0,1.0,2.0,1.0,0.0,0.0,3
0.719382022,0.060965459,0.660382022,1.380597548,2.744259894,0.0,0.0,1.0,2.0,1.0,0.0,0.0,3
0.469382022,0.616521015,0.022382022,1.198779366,2.092085984,0.0,0.0,0.0,3.0,1.0,0.0,0.0,3
0.719382022,0.505409904,0.010382022,-0.619402452,2.961651194,0.0,0.0,1.0,2.0,0.0,0.0,1.0,3
-0.230617978,0.690595089,0.560382022,1.380597548,2.744259894,0.0,0.0,0.0,2.0,1.0,0.0,0.0,3
0.769382022,0.690595089,-0.333117978,0.971506639,3.396433804,0.0,0.0,1.0,2.0,1.0,0.0,0.0,3
0.819382022,0.283187682,0.110382022,0.469688457,4.265999024,0.0,0.0,1.0,2.0,0.0,0.0,1.0,3
0.819382022,0.690595089,0.610382022,1.380597548,-0.734000976,0.0,0.0,0.0,2.0,1.0,0.0,0.0,3
0.669382022,0.135039533,0.215382022,1.380597548,-0.734000976,0.0,0.0,1.0,2.0,1.0,0.0,0.0,3
0.619382022,0.505409904,0.260382022,-0.301220634,1.005129454,0.0,0.0,1.0,3.0,0.0,1.0,0.0,3
0.669382022,0.616521015,0.660382022,1.107870275,1.439912064,0.0,0.0,1.0,3.0,1.0,0.0,0.0,3
-0.680617978,0.283187682,0.660382022,1.06241573,1.005129454,0.0,0.0,0.0,2.0,1.0,0.0,0.0,3
-0.680617978,0.394298793,-1.489617978,-0.892129725,4.918172934,0.0,0.0,0.0,2.0,1.0,0.0,0.0,3
0.419382022,-0.457553059,0.560382022,1.016961184,2.744259894,0.0,0.0,1.0,1.0,0.0,0.0,1.0,3
0.719382022,0.690595089,0.210382022,0.971506639,0.135564244,0.0,0.0,1.0,2.0,0.0,0.0,0.0,3
0.819382022,0.690595089,0.556382022,0.829233912,1.222520764,0.0,0.0,1.0,3.0,0.0,0.0,1.0,3
0.719382022,0.209113608,0.640382022,1.107870275,1.657303374,0.0,0.0,1.0,3.0,1.0,0.0,0.0,3
0.469382022,0.579483978,0.060382022,0.926052093,1.439912064,0.0,0.0,1.0,2.0,1.0,0.0,0.0,3
0.719382022,-1.864960467,0.560382022,-1.573947907,1.657303374,0.0,0.0,1.0,3.0,0.0,1.0,0.0,3
0.169382022,0.023928422,-0.039617978,-0.346675179,4.483390324,0.0,0.0,1.0,1.0,1.0,0.0,0.0,3
0.069382022,-0.235330837,-0.639617978,0.380597548,3.179042504,0.0,0.0,1.0,2.0,1.0,0.0,0.0,3
0.719382022,0.357261756,0.660382022,0.789688457,-0.081827066,0.0,0.0,0.0,2.0,1.0,0.0,0.0,3
0.769382022,0.579483978,0.171382022,1.244233912,-0.734000976,0.0,0.0,1.0,2.0,1.0,0.0,0.0,3
0.119382022,0.209113608,0.460382022,0.516961184,1.005129454,0.0,0.0,1.0,2.0,1.0,0.0,0.0,3
0.069382022,0.320224719,0.660382022,0.744233912,4.048607724,0.0,0.0,1.0,2.0,0.0,0.0,1.0,3
-1.330617978,-1.531627133,0.504382022,-1.119402452,3.613825114,0.0,0.0,1.0,1.0,1.0,0.0,0.0,3
-0.430617978,-0.420516022,0.110382022,0.926052093,2.961651194,0.0,0.0,0.0,3.0,1.0,0.0,0.0,3
0.669382022,0.209113608,0.510382022,0.926052093,1.874694674,0.0,0.0,0.0,3.0,1.0,0.0,0.0,3
0.619382022,0.690595089,-2.439617978,0.516961184,2.309477284,0.0,0.0,1.0,2.0,0.0,0.0,0.0,3
-0.780617978,0.394298793,0.460382022,0.153324821,2.092085984,0.0,0.0,1.0,2.0,0.0,0.0,1.0,3
0.819382022,0.542446941,0.410382022,1.198779366,-0.299218366,0.0,0.0,1.0,2.0,1.0,0.0,0.0,3
0.369382022,0.17207657,0.410382022,1.016961184,1.222520764,0.0,0.0,1.0,2.0,1.0,0.0,0.0,3
-2.280617978,-0.013108615,0.660382022,1.06241573,-0.299218366,0.0,0.0,0.0,3.0,1.0,0.0,0.0,3
0.369382022,0.43133583,0.011382022,1.107870275,-0.516609676,0.0,0.0,0.0,2.0,1.0,0.0,0.0,3
0.569382022,0.43133583,0.510382022,0.153324821,-0.081827066,0.0,0.0,1.0,3.0,1.0,0.0,0.0,3
0.819382022,0.616521015,0.660382022,-1.664856997,2.092085984,0.0,0.0,1.0,2.0,0.0,0.0,1.0,3
0.719382022,-0.605701207,0.560382022,0.471506639,-1.386174886,0.0,0.0,1.0,3.0,1.0,0.0,1.0,3
0.569382022,0.135039533,0.510382022,0.966961184,-2.473131416,0.0,0.0,0.0,3.0,1.0,0.0,0.0,3
0.669382022,0.135039533,0.461382022,1.06241573,2.092085984,0.0,0.0,0.0,2.0,1.0,0.0,0.0,3
0.469382022,0.394298793,0.260382022,1.380597548,2.961651194,0.0,0.0,0.0,2.0,1.0,0.0,0.0,3
0.269382022,0.394298793,0.560382022,-1.483038816,-0.081827066,0.0,0.0,1.0,3.0,1.0,0.0,0.0,3
0.719382022,-1.161256763,0.660382022,-0.119402452,0.352955544,0.0,0.0,1.0,3.0,1.0,0.0,0.0,3
-0.980617978,0.579483978,-1.489617978,0.380597548,1.874694674,0.0,0.0,1.0,3.0,1.0,0.0,0.0,3
0.319382022,0.43133583,0.360382022,-0.028493361,1.874694674,0.0,0.0,1.0,5.0,0.0,0.0,0.0,3
-0.830617978,0.579483978,0.160382022,0.107870275,0.787738154,0.0,0.0,1.0,2.0,1.0,0.0,0.0,3
0.519382022,0.468372867,0.460382022,-0.93758427,1.439912064,0.0,0.0,1.0,2.0,1.0,0.0,0.0,3
0.469382022,0.579483978,0.660382022,1.244233912,-1.386174886,0.0,0.0,1.0,1.0,1.0,0.0,0.0,3
0.819382022,0.690595089,0.510382022,1.153324821,0.135564244,0.0,0.0,0.0,2.0,1.0,0.0,0.0,3
0.019382022,0.098002496,0.660382022,0.653324821,-0.734000976,0.0,0.0,1.0,3.0,1.0,0.0,0.0,2
0.669382022,0.357261756,0.507882022,0.653324821,1.005129454,0.0,0.0,1.0,3.0,1.0,0.0,0.0,2
0.519382022,0.43133583,0.660382022,1.153324821,-0.299218366,0.0,0.0,0.0,2.0,1.0,0.0,0.0,2
0.619382022,0.17207657,0.236382022,0.880597548,-0.516609676,0.0,0.0,0.0,2.0,1.0,0.0,0.0,2
0.319382022,-0.1982938,0.460382022,0.789688457,1.222520764,0.0,0.0,1.0,2.0,1.0,0.0,0.0,2
0.819382022,0.505409904,0.460382022,-0.846675179,1.005129454,0.0,0.0,1.0,4.0,1.0,0.0,0.0,2
0.619382022,0.468372867,0.660382022,0.516961184,2.092085984,0.0,0.0,1.0,2.0,0.0,0.0,1.0,2
-2.380617978,-0.383478985,0.023382022,0.407870275,0.787738154,0.0,0.0,1.0,4.0,0.0,1.0,1.0,2
0.669382022,-0.976071578,0.660382022,-1.801220634,1.874694674,0.0,0.0,1.0,2.0,0.0,0.0,1.0,2
0.819382022,0.135039533,-0.138117978,0.835143003,-1.386174886,0.0,0.0,0.0,2.0,0.0,0.0,1.0,2
-0.680617978,0.246150645,-1.889617978,-0.801220634,4.483390324,0.0,0.0,0.0,3.0,1.0,0.0,0.0,2
0.669382022,0.690595089,0.660382022,0.153324821,-1.168783586,0.0,0.0,1.0,3.0,1.0,0.0,1.0,2
0.469382022,0.43133583,0.610382022,1.153324821,-0.951392276,0.0,0.0,0.0,2.0,1.0,0.0,0.0,2
0.719382022,-1.901997504,0.360382022,0.06241573,0.570346854,0.0,0.0,1.0,2.0,1.0,0.0,0.0,2
0.819382022,0.690595089,0.660382022,1.153324821,2.526868584,0.0,0.0,1.0,2.0,1.0,0.0,0.0,2
0.819382022,0.320224719,-0.126617978,-1.392129725,-1.603566196,0.0,0.0,0.0,1.0,1.0,0.0,0.0,2
0.819382022,0.320224719,0.660382022,-1.119402452,1.005129454,0.0,0.0,1.0,2.0,1.0,0.0,0.0,2
0.119382022,0.690595089,0.510382022,0.380597548,-1.820957496,0.0,0.0,0.0,2.0,1.0,0.0,0.0,2
-0.980617978,0.283187682,-1.839617978,-0.664856997,0.787738154,0.0,0.0,0.0,3.0,1.0,0.0,0.0,2
0.719382022,0.690595089,0.058382022,-0.43758427,-0.516609676,0.0,0.0,1.0,2.0,1.0,0.0,0.0,2
0.669382022,-0.050145652,0.560382022,-1.301220634,-2.038348806,0.0,0.0,1.0,3.0,1.0,0.0,0.0,2
0.719382022,-0.420516022,0.360382022,1.244233912,1.439912064,0.0,0.0,1.0,2.0,1.0,0.0,0.0,2
0.669382022,0.023928422,-0.389617978,0.016961184,-1.168783586,0.0,0.0,0.0,3.0,1.0,0.0,0.0,2
-0.030617978,0.357261756,0.210382022,1.06241573,-0.951392276,0.0,0.0,1.0,2.0,1.0,0.0,0.0,2
0.819382022,0.690595089,0.660382022,-0.93758427,-1.603566196,0.0,0.0,1.0,3.0,0.0,0.0,1.0,2
0.169382022,0.023928422,0.191882022,-0.846675179,-2.255740106,0.0,0.0,0.0,2.0,1.0,0.0,0.0,2
0.569382022,0.320224719,0.460382022,1.380597548,0.135564244,0.0,0.0,0.0,2.0,1.0,0.0,0.0,2
0.169382022,0.505409904,0.160382022,0.835143003,-0.734000976,0.0,0.0,1.0,2.0,1.0,0.0,0.0,2
0.719382022,0.17207657,0.510382022,-0.664856997,-0.516609676,0.0,0.0,1.0,5.0,1.0,0.0,0.0,2
0.569382022,0.320224719,0.155882022,-0.191675179,-0.734000976,0.0,0.0,0.0,3.0,1.0,0.0,0.0,2
0.419382022,0.357261756,-0.489117978,-0.392129725,0.352955544,0.0,0.0,1.0,3.0,0.0,0.0,0.0,2
0.819382022,0.579483978,0.410382022,-1.846675179,-0.081827066,0.0,0.0,1.0,2.0,1.0,0.0,0.0,2
0.169382022,0.468372867,0.660382022,1.107870275,-3.777479236,0.0,0.0,0.0,2.0,1.0,0.0,0.0,2
0.769382022,0.43133583,-0.189617978,1.289688457,-3.342696626,0.0,0.0,0.0,2.0,1.0,0.0,0.0,2
0.819382022,-0.420516022,0.034882022,0.744233912,-1.603566196,0.0,0.0,0.0,2.0,1.0,0.0,0.0,2
-0.080617978,0.135039533,0.560382022,1.240143003,-0.299218366,0.0,0.0,1.0,2.0,1.0,0.0,0.0,2
0.369382022,0.357261756,-1.339617978,-1.392129725,-1.820957496,0.0,0.0,0.0,2.0,0.0,0.0,1.0,2
0.569382022,-0.013108615,0.260382022,1.06241573,2.092085984,0.0,0.0,1.0,2.0,1.0,0.0,0.0,2
0.819382022,0.505409904,0.560382022,1.380597548,-0.951392276,0.0,0.0,1.0,3.0,1.0,0.0,0.0,2
0.419382022,-0.494590096,-0.039617978,-1.210311543,-0.951392276,0.0,0.0,0.0,3.0,1.0,0.0,0.0,2
-0.180617978,-0.346441948,-1.439617978,0.835143003,-2.473131416,0.0,0.0,0.0,3.0,1.0,0.0,0.0,2
-1.430617978,-0.901997504,0.403382022,-0.846675179,0.570346854,0.0,0.0,0.0,3.0,1.0,0.0,0.0,2
-0.330617978,-0.050145652,-1.539617978,-0.755766088,3.396433804,0.0,0.0,1.0,1.0,1.0,0.0,0.0,2
0.019382022,-0.161256763,0.510382022,0.580143003,-2.907914016,0.0,0.0,0.0,3.0,1.0,0.0,0.0,2
0.269382022,0.209113608,0.660382022,-0.210311543,0.135564244,0.0,0.0,1.0,3.0,1.0,0.0,0.0,2
0.719382022,0.616521015,0.560382022,0.426052093,-0.951392276,0.0,0.0,1.0,5.0,0.0,0.0,0.0,2
-2.630617978,-0.1982938,0.660382022,0.617870275,-1.168783586,0.0,0.0,0.0,3.0,1.0,0.0,1.0,2
0.069382022,0.468372867,0.660382022,0.971506639,-1.820957496,0.0,0.0,0.0,3.0,1.0,0.0,0.0,2
0.819382022,0.468372867,-0.178117978,-0.392129725,-3.560087936,0.0,0.0,1.0,2.0,1.0,0.0,0.0,2
0.319382022,-0.790886392,-0.889617978,-1.346675179,-1.386174886,0.0,0.0,1.0,3.0,0.0,0.0,1.0,2
0.019382022,0.17207657,0.660382022,-0.306675179,-3.560087936,0.0,0.0,1.0,2.0,1.0,0.0,0.0,2
-1.980617978,0.209113608,-1.689617978,-0.846675179,-0.951392276,0.0,0.0,1.0,1.0,1.0,0.0,0.0,2
0.169382022,-0.531627133,0.110382022,0.789688457,-3.994870546,0.0,0.0,1.0,2.0,1.0,0.0,0.0,2
-0.180617978,-0.272367874,0.119882022,-1.43758427,-2.473131416,0.0,0.0,1.0,3.0,1.0,0.0,0.0,2
-1.930617978,0.505409904,0.260382022,1.289688457,-4.864435759,0.0,0.0,0.0,2.0,1.0,0.0,0.0,2
0.469382022,0.209113608,-1.839617978,-1.483038816,-0.516609676,0.0,0.0,1.0,3.0,1.0,0.0,0.0,2
0.269382022,-4.309404911,-1.539617978,-1.301220634,1.222520764,1.0,0.0,0.0,2.0,1.0,0.0,0.0,2
-1.930617978,0.579483978,0.310382022,-0.983038816,-1.603566196,0.0,0.0,0.0,2.0,1.0,0.0,0.0,2
0.119382022,-0.309404911,0.560382022,-0.301220634,-0.951392276,0.0,0.0,0.0,3.0,1.0,0.0,0.0,2
-0.280617978,-0.124219726,-1.519117978,0.698779366,-2.473131416,0.0,0.0,0.0,5.0,0.0,0.0,0.0,2
0.019382022,-0.531627133,0.510382022,1.016961184,-3.342696626,0.0,0.0,0.0,3.0,1.0,0.0,0.0,2
-0.330617978,0.209113608,0.110382022,0.880597548,-4.212261846,0.0,0.0,0.0,3.0,1.0,0.0,0.0,2
0.669382022,-0.753849355,0.298882022,0.426052093,-1.603566196,0.0,0.0,1.0,2.0,1.0,0.0,0.0,2
0.219382022,-0.976071578,0.460382022,-3.619402452,-0.299218366,1.0,0.0,0.0,3.0,1.0,0.0,0.0,2
0.319382022,0.246150645,0.410382022,-1.346675179,-3.125305326,0.0,0.0,1.0,2.0,0.0,1.0,0.0,2
-0.730617978,-0.939034541,0.010382022,0.835143003,-2.690522716,0.0,0.0,1.0,4.0,1.0,0.0,0.0,2
0.369382022,-0.420516022,0.460382022,-0.983038816,-0.734000976,0.0,0.0,0.0,3.0,1.0,0.0,0.0,2
-1.230617978,0.023928422,0.655382022,-0.755766088,-1.820957496,0.0,0.0,0.0,2.0,1.0,0.0,0.0,2
-3.630617978,0.17207657,-0.191117978,-1.346675179,-2.473131416,0.0,0.0,1.0,2.0,1.0,0.0,0.0,2
0.569382022,0.468372867,-1.339617978,-0.755766088,0.352955544,0.0,0.0,1.0,3.0,1.0,0.0,0.0,2
-1.030617978,-0.050145652,-1.689617978,-3.619402452,-1.168783586,1.0,0.0,1.0,2.0,1.0,0.0,0.0,2
-1.680617978,-1.901997504,-0.650117978,-0.119402452,-3.994870546,0.0,0.0,1.0,3.0,1.0,0.0,0.0,2
-1.930617978,-0.272367874,0.360382022,-1.119402452,-1.603566196,0.0,0.0,1.0,2.0,1.0,0.0,0.0,2
-3.030617978,0.246150645,-0.330617978,-1.483038816,-0.081827066,0.0,0.0,1.0,3.0,1.0,0.0,0.0,2
-0.980617978,0.209113608,-0.639617978,-0.846675179,-2.690522716,0.0,0.0,1.0,3.0,1.0,0.0,0.0,2
-1.380617978,0.283187682,-1.889617978,-0.846675179,-3.994870546,0.0,0.0,1.0,3.0,1.0,0.0,0.0,2
0.719382022,-0.605701207,-0.139617978,-1.619402452,-0.516609676,0.0,0.0,1.0,3.0,1.0,0.0,0.0,2
0.719382022,-0.494590096,0.360382022,0.445143003,-3.125305326,0.0,0.0,0.0,3.0,1.0,0.0,0.0,2
0.319382022,-1.56866417,-0.580117978,-0.973493361,-0.081827066,0.0,0.0,1.0,2.0,1.0,0.0,0.0,2
-2.080617978,-0.124219726,-1.689617978,-3.619402452,1.439912064,1.0,0.0,0.0,2.0,1.0,0.0,0.0,2
-0.280617978,-2.272367874,0.160382022,-0.164856997,-2.907914016,0.0,0.0,0.0,3.0,1.0,0.0,0.0,2
0.519382022,-0.050145652,-0.589617978,0.926052093,-2.255740106,0.0,0.0,0.0,3.0,1.0,0.0,0.0,2
-1.980617978,-1.161256763,-0.339617978,-1.210311543,-3.125305326,0.0,0.0,1.0,2.0,1.0,0.0,0.0,2
0.319382022,-2.56866417,-3.089617978,-3.619402452,2.961651194,1.0,0.0,1.0,2.0,0.0,0.0,1.0,1
0.469382022,0.505409904,-1.489617978,-1.301220634,-2.690522716,0.0,0.0,1.0,2.0,1.0,0.0,0.0,2
0.669382022,0.505409904,-0.640617978,1.016961184,-2.038348806,0.0,0.0,0.0,3.0,1.0,0.0,0.0,2
-2.230617978,0.135039533,0.258382022,-1.210311543,-2.690522716,0.0,0.0,1.0,3.0,0.0,0.0,0.0,1
0.369382022,-0.050145652,-0.539617978,-1.119402452,-2.690522716,0.0,0.0,1.0,3.0,0.0,0.0,1.0,1
-0.680617978,0.098002496,-1.389617978,-0.619402452,-3.994870546,0.0,0.0,1.0,3.0,0.0,0.0,0.0,1
0.719382022,-1.087182689,0.460382022,-3.619402452,-2.907914016,1.0,0.0,1.0,3.0,1.0,0.0,0.0,1
-2.230617978,0.394298793,0.310382022,-1.619402452,-1.386174886,0.0,0.0,1.0,3.0,1.0,0.0,0.0,1
-0.930617978,-1.605701207,-0.089617978,-0.028493361,-5.516609672,0.0,0.0,1.0,3.0,1.0,0.0,0.0,1
-2.630617978,0.283187682,-2.289617978,0.244233912,-6.386174889,0.0,0.0,1.0,3.0,1.0,0.0,0.0,1
0.419382022,-0.753849355,0.510382022,-3.619402452,-3.994870546,1.0,0.0,0.0,3.0,1.0,0.0,0.0,1
-0.730617978,0.246150645,-0.139617978,-0.892129725,-3.994870546,0.0,0.0,1.0,3.0,0.0,0.0,0.0,1
-4.180617978,0.209113608,-0.684617978,0.835143003,-4.647044455,1.0,0.0,1.0,3.0,1.0,0.0,0.0,1
0.619382022,-0.605701207,-0.328117978,-0.725311543,-5.951392281,0.0,0.0,0.0,3.0,0.0,0.0,1.0,1
-3.930617978,-0.531627133,-3.139617978,-1.664856997,-3.994870546,0.0,0.0,0.0,2.0,1.0,0.0,0.0,1
0.469382022,-0.309404911,0.660382022,-2.483038816,-4.42965315,0.0,0.0,1.0,3.0,1.0,0.0,0.0,1
-0.480617978,-1.1982938,-0.689617978,-3.619402452,-2.690522716,1.0,0.0,1.0,3.0,1.0,0.0,0.0,1
-1.730617978,-0.605701207,-0.077117978,-1.164856997,-2.690522716,0.0,0.0,1.0,2.0,1.0,0.0,0.0,1
0.119382022,-1.161256763,-0.634117978,-0.619402452,-7.90791402,0.0,0.0,1.0,3.0,1.0,0.0,0.0,1
-4.180617978,-4.309404911,-4.339617978,-3.619402452,-3.125305326,4.0,0.0,1.0,5.0,1.0,0.0,0.0,1
-2.530617978,-2.272367874,-1.639617978,0.498779366,-3.994870546,0.0,0.0,1.0,4.0,0.0,0.0,0.0,1
-1.330617978,-1.087182689,-0.589617978,-1.755766088,-1.820957496,0.0,0.0,1.0,4.0,0.0,0.0,0.0,1
0.096794872,-0.050641026,0.582692308,0.472115385,4.982905983,0.0,0.0,0.0,4.0,0.0,0.0,1.0,3
0.396794872,0.649358974,0.582692308,0.772115385,4.149572643,0.0,0.0,0.0,2.0,1.0,0.0,1.0,3
0.396794872,0.549358974,0.432692308,0.372115385,6.149572643,0.0,0.0,1.0,2.0,0.0,0.0,1.0,3
0.496794872,0.699358974,0.482692308,0.872115385,4.149572643,0.0,0.0,1.0,1.0,0.0,0.0,1.0,3
0.496794872,0.749358974,0.482692308,0.772115385,6.149572643,0.0,0.0,1.0,3.0,0.0,0.0,1.0,3
0.396794872,-0.750641026,0.582692308,0.422115385,0.982905983,0.0,0.0,1.0,1.0,0.0,0.0,1.0,3
0.196794872,0.599358974,0.482692308,0.872115385,5.149572643,0.0,0.0,0.0,2.0,1.0,0.0,0.0,3
0.196794872,0.649358974,0.482692308,0.772115385,3.649572643,0.0,0.0,1.0,1.0,0.0,1.0,1.0,3
0.496794872,0.649358974,0.432692308,-0.877884615,3.649572643,0.0,0.0,1.0,1.0,1.0,0.0,0.0,3
0.496794872,0.749358974,0.482692308,0.622115385,1.816239323,0.0,0.0,0.0,3.0,0.0,0.0,1.0,3
-0.603205128,0.299358974,0.582692308,0.722115385,0.816239323,0.0,0.0,1.0,2.0,1.0,0.0,1.0,3
0.246794872,0.749358974,0.182692308,0.372115385,2.816239323,0.0,0.0,1.0,3.0,1.0,0.0,0.0,3
-0.103205128,0.549358974,0.482692308,0.872115385,4.482905983,0.0,0.0,0.0,2.0,1.0,0.0,1.0,3
0.446794872,0.749358974,0.582692308,0.622115385,3.149572643,0.0,0.0,1.0,2.0,1.0,0.0,0.0,3
0.196794872,-0.000641026,-0.967307692,0.872115385,2.149572643,0.0,0.0,1.0,3.0,1.0,0.0,0.0,3
0.096794872,0.749358974,0.482692308,-0.027884615,3.316239323,0.0,0.0,0.0,2.0,1.0,0.0,0.0,3
0.496794872,0.749358974,0.582692308,0.722115385,2.649572643,0.0,0.0,1.0,5.0,0.0,0.0,0.0,3
0.096794872,0.449358974,0.582692308,0.622115385,4.982905983,0.0,0.0,0.0,2.0,1.0,0.0,0.0,3
-0.153205128,0.699358974,0.332692308,-1.627884615,1.649572643,0.0,0.0,1.0,2.0,1.0,1.0,0.0,3
0.296794872,-0.050641026,0.232692308,0.722115385,3.982905983,0.0,0.0,1.0,2.0,1.0,1.0,0.0,3
0.446794872,0.149358974,0.232692308,0.622115385,-0.517094017,0.0,0.0,1.0,1.0,1.0,0.0,1.0,3
0.396794872,0.599358974,0.232692308,0.622115385,0.649572643,0.0,0.0,0.0,2.0,1.0,0.0,1.0,3
0.246794872,0.749358974,0.582692308,0.772115385,3.816239323,0.0,0.0,0.0,2.0,1.0,0.0,0.0,3
0.246794872,0.749358974,0.482692308,0.622115385,2.149572643,0.0,0.0,1.0,2.0,1.0,0.0,1.0,3
0.296794872,-0.200641026,-0.117307692,0.572115385,3.316239323,0.0,0.0,1.0,3.0,0.0,0.0,0.0,3
0.396794872,0.149358974,0.382692308,0.472115385,3.316239323,0.0,0.0,1.0,1.0,1.0,0.0,0.0,3
0.046794872,0.049358974,0.482692308,0.872115385,1.649572643,0.0,0.0,1.0,2.0,1.0,0.0,0.0,3
0.246794872,0.749358974,0.482692308,0.872115385,0.316239323,0.0,0.0,1.0,2.0,1.0,0.0,0.0,3
0.396794872,-0.000641026,0.532692308,0.422115385,-0.683760677,0.0,0.0,0.0,1.0,1.0,0.0,0.0,3
-0.203205128,0.499358974,0.582692308,-2.027884615,3.482905983,0.0,0.0,1.0,2.0,0.0,0.0,1.0,3
-0.103205128,0.749358974,0.582692308,0.372115385,3.149572643,0.0,0.0,1.0,2.0,1.0,0.0,0.0,3
0.296794872,0.499358974,0.432692308,0.672115385,-1.183760677,0.0,0.0,1.0,1.0,1.0,0.0,0.0,3
0.146794872,0.649358974,0.582692308,0.872115385,1.149572643,0.0,0.0,1.0,2.0,1.0,0.0,0.0,3
0.396794872,0.749358974,0.482692308,0.622115385,-0.183760677,0.0,0.0,0.0,2.0,1.0,0.0,0.0,3
0.496794872,0.749358974,-0.067307692,0.472115385,1.482905983,0.0,0.0,0.0,3.0,1.0,0.0,0.0,3
0.446794872,0.749358974,0.482692308,0.622115385,0.482905983,0.0,0.0,0.0,4.0,0.0,0.0,1.0,3
0.196794872,-0.350641026,-0.067307692,-1.877884615,3.316239323,0.0,0.0,0.0,3.0,1.0,0.0,0.0,3
-0.203205128,0.649358974,-0.917307692,0.722115385,1.649572643,0.0,0.0,1.0,2.0,1.0,0.0,0.0,3
0.396794872,0.699358974,0.232692308,0.622115385,4.149572643,0.0,0.0,0.0,2.0,1.0,0.0,0.0,3
-0.003205128,0.499358974,0.482692308,0.472115385,2.149572643,0.0,0.0,1.0,2.0,1.0,0.0,0.0,3
0.296794872,0.749358974,0.582692308,0.872115385,0.649572643,0.0,0.0,1.0,2.0,1.0,0.0,0.0,3
-0.003205128,0.199358974,-1.817307692,0.722115385,5.649572643,0.0,0.0,1.0,1.0,1.0,0.0,1.0,3
-1.153205128,0.499358974,-0.617307692,0.722115385,0.649572643,0.0,0.0,1.0,1.0,0.0,0.0,1.0,3
0.446794872,0.649358974,0.032692308,0.772115385,0.316239323,0.0,0.0,0.0,2.0,0.0,0.0,1.0,3
0.396794872,0.599358974,0.132692308,0.872115385,-1.183760677,0.0,0.0,0.0,3.0,1.0,0.0,0.0,3
0.096794872,0.099358974,0.582692308,0.472115385,-0.017094017,0.0,0.0,1.0,2.0,0.0,0.0,1.0,3
0.346794872,-0.450641026,0.032692308,0.722115385,2.649572643,0.0,0.0,0.0,2.0,1.0,0.0,1.0,3
0.396794872,0.599358974,0.582692308,0.322115385,0.316239323,0.0,0.0,1.0,2.0,1.0,0.0,0.0,3
0.496794872,0.649358974,-0.317307692,0.322115385,2.316239323,0.0,0.0,0.0,2.0,0.0,0.0,1.0,3
0.396794872,-0.450641026,0.432692308,0.872115385,-0.017094017,0.0,0.0,1.0,2.0,1.0,0.0,0.0,3
0.346794872,-0.450641026,-0.017307692,-0.977884615,1.649572643,0.0,0.0,0.0,2.0,1.0,0.0,0.0,3
-0.003205128,-0.950641026,0.582692308,0.122115385,1.482905983,0.0,0.0,0.0,2.0,0.0,0.0,1.0,3
0.396794872,-0.550641026,-0.817307692,0.372115385,3.316239323,0.0,0.0,0.0,2.0,1.0,0.0,0.0,3
0.446794872,0.649358974,0.382692308,0.572115385,2.149572643,0.0,0.0,1.0,2.0,1.0,0.0,0.0,3
0.296794872,0.299358974,0.482692308,0.372115385,2.149572643,0.0,0.0,1.0,2.0,0.0,0.0,1.0,3
0.346794872,0.749358974,0.482692308,0.872115385,-0.017094017,0.0,0.0,1.0,2.0,1.0,0.0,0.0,3
-0.453205128,0.499358974,0.532692308,-1.877884615,1.149572643,0.0,0.0,0.0,2.0,1.0,0.0,0.0,3
0.246794872,0.549358974,0.132692308,0.472115385,2.482905983,0.0,0.0,0.0,2.0,0.0,0.0,1.0,3
0.396794872,0.349358974,-0.267307692,0.822115385,-0.017094017,0.0,0.0,1.0,2.0,1.0,0.0,0.0,3
-0.003205128,-0.250641026,0.482692308,0.222115385,-0.183760677,0.0,0.0,1.0,3.0,1.0,0.0,1.0,3
0.496794872,0.649358974,0.382692308,-1.627884615,0.316239323,0.0,0.0,1.0,4.0,0.0,1.0,0.0,3
0.346794872,0.749358974,0.582692308,0.672115385,2.149572643,0.0,0.0,1.0,2.0,1.0,0.0,0.0,3
0.096794872,-0.900641026,0.432692308,0.422115385,1.649572643,0.0,0.0,0.0,2.0,1.0,0.0,0.0,3
0.196794872,0.049358974,-0.517307692,0.122115385,1.649572643,0.0,0.0,0.0,2.0,1.0,0.0,0.0,3
0.496794872,0.449358974,0.482692308,0.872115385,0.149572643,0.0,0.0,1.0,2.0,1.0,0.0,1.0,3
-0.153205128,0.749358974,-0.567307692,0.472115385,1.649572643,0.0,0.0,1.0,3.0,1.0,0.0,0.0,3
-0.103205128,-4.250641026,0.182692308,0.772115385,1.649572643,1.0,0.0,1.0,1.0,0.0,0.0,1.0,3
0.446794872,0.649358974,0.332692308,0.872115385,0.816239323,0.0,0.0,1.0,4.0,0.0,0.0,0.0,3
0.396794872,-0.450641026,0.482692308,0.722115385,2.816239323,0.0,0.0,0.0,2.0,1.0,0.0,0.0,3
-2.453205128,0.649358974,0.582692308,0.472115385,-2.017094017,0.0,0.0,1.0,1.0,1.0,0.0,0.0,3
0.496794872,0.749358974,0.482692308,0.772115385,-1.517094017,0.0,0.0,0.0,2.0,0.0,0.0,1.0,3
0.196794872,0.299358974,0.332692308,-0.027884615,0.982905983,0.0,0.0,0.0,2.0,1.0,0.0,0.0,3
0.146794872,-0.500641026,0.532692308,-1.277884615,-1.017094017,0.0,0.0,1.0,1.0,1.0,0.0,0.0,3
-0.003205128,-0.150641026,0.182692308,0.872115385,2.149572643,0.0,0.0,0.0,2.0,1.0,0.0,0.0,3
-0.203205128,0.699358974,-1.767307692,0.222115385,-1.017094017,0.0,0.0,0.0,2.0,1.0,0.0,0.0,3
0.496794872,0.399358974,0.332692308,0.872115385,-0.850427357,0.0,0.0,1.0,2.0,1.0,0.0,0.0,2
0.146794872,0.649358974,0.432692308,0.722115385,-0.517094017,0.0,0.0,0.0,1.0,1.0,0.0,0.0,2
0.346794872,0.349358974,0.482692308,0.722115385,0.816239323,0.0,0.0,1.0,4.0,1.0,0.0,0.0,2
0.046794872,-0.250641026,-0.117307692,-1.927884615,1.316239323,0.0,0.0,0.0,1.0,1.0,0.0,0.0,2
0.346794872,0.049358974,-0.917307692,0.472115385,1.816239323,0.0,0.0,0.0,2.0,1.0,0.0,0.0,2
0.396794872,0.749358974,0.482692308,0.722115385,1.816239323,0.0,0.0,1.0,2.0,1.0,0.0,0.0,2
-0.353205128,0.749358974,0.582692308,0.722115385,-3.017094017,0.0,0.0,0.0,2.0,1.0,0.0,0.0,2
-0.453205128,-0.650641026,-0.217307692,-1.827884615,2.482905983,0.0,0.0,1.0,1.0,1.0,0.0,0.0,2
-0.003205128,0.649358974,0.382692308,-0.327884615,-1.350427357,0.0,0.0,1.0,2.0,0.0,0.0,1.0,2
0.146794872,-0.600641026,-0.117307692,-0.627884615,1.649572643,0.0,0.0,1.0,2.0,1.0,0.0,0.0,2
0.296794872,0.699358974,0.282692308,-1.627884615,1.316239323,0.0,0.0,1.0,2.0,1.0,0.0,0.0,3
0.146794872,0.499358974,0.582692308,-0.177884615,0.482905983,0.0,0.0,0.0,2.0,1.0,0.0,0.0,2
0.446794872,0.749358974,0.482692308,0.722115385,-3.683760677,0.0,0.0,1.0,2.0,1.0,0.0,0.0,2
0.246794872,0.749358974,0.282692308,0.872115385,1.316239323,0.0,0.0,0.0,2.0,1.0,0.0,0.0,2
0.296794872,0.649358974,0.482692308,0.372115385,-2.183760677,0.0,0.0,1.0,2.0,1.0,0.0,0.0,2
0.096794872,-0.950641026,0.132692308,0.372115385,0.816239323,0.0,0.0,0.0,2.0,1.0,0.0,0.0,2
0.146794872,0.199358974,0.582692308,0.372115385,-0.517094017,0.0,0.0,1.0,2.0,1.0,0.0,0.0,2
0.346794872,0.399358974,0.482692308,0.522115385,0.149572643,0.0,0.0,1.0,2.0,1.0,0.0,0.0,2
-2.303205128,-2.600641026,-1.667307692,-2.077884615,-0.183760677,0.0,0.0,0.0,2.0,0.0,0.0,1.0,2
0.196794872,0.249358974,0.032692308,-1.677884615,-2.017094017,0.0,0.0,1.0,2.0,1.0,0.0,0.0,2
0.346794872,-0.200641026,0.582692308,0.122115385,-0.683760677,0.0,0.0,0.0,2.0,1.0,0.0,0.0,2
0.346794872,0.449358974,0.282692308,0.572115385,-2.683760677,0.0,0.0,1.0,2.0,1.0,0.0,0.0,2
0.046794872,-1.450641026,-1.717307692,-4.127884615,3.149572643,1.0,0.0,0.0,2.0,0.0,0.0,1.0,2
-0.053205128,0.399358974,0.432692308,0.072115385,1.816239323,0.0,0.0,1.0,2.0,1.0,0.0,0.0,2
0.096794872,0.449358974,0.482692308,0.622115385,-2.183760677,0.0,0.0,0.0,3.0,1.0,0.0,0.0,2
-0.503205128,-1.100641026,-0.217307692,-1.527884615,0.482905983,0.0,0.0,1.0,2.0,1.0,0.0,0.0,2
0.446794872,0.549358974,0.282692308,0.372115385,0.816239323,0.0,0.0,0.0,2.0,1.0,0.0,0.0,2
-0.003205128,0.349358974,-0.217307692,0.672115385,0.982905983,0.0,0.0,1.0,2.0,1.0,0.0,0.0,2
-0.003205128,0.049358974,0.432692308,0.472115385,-0.850427357,0.0,0.0,0.0,2.0,1.0,0.0,0.0,2
0.196794872,0.699358974,0.132692308,0.722115385,0.316239323,0.0,0.0,1.0,2.0,1.0,0.0,0.0,2
0.496794872,-0.450641026,0.282692308,-1.277884615,-2.350427357,0.0,0.0,1.0,2.0,1.0,0.0,1.0,2
0.446794872,-0.350641026,-1.567307692,0.572115385,-0.350427357,0.0,0.0,1.0,2.0,1.0,0.0,0.0,2
0.496794872,0.249358974,0.032692308,-1.227884615,-1.850427357,0.0,0.0,0.0,3.0,0.0,1.0,1.0,2
-0.053205128,-0.650641026,-1.167307692,-0.877884615,0.649572643,0.0,0.0,0.0,2.0,0.0,0.0,0.0,1
0.196794872,-0.150641026,0.432692308,0.022115385,-1.850427357,0.0,0.0,1.0,2.0,1.0,0.0,0.0,2
-0.203205128,0.149358974,0.332692308,-1.877884615,-0.350427357,0.0,0.0,1.0,2.0,1.0,0.0,0.0,2
0.346794872,-0.250641026,0.482692308,0.622115385,-1.683760677,0.0,0.0,1.0,2.0,1.0,0.0,0.0,2
-0.253205128,-0.750641026,-1.067307692,0.722115385,-0.850427357,0.0,0.0,1.0,2.0,0.0,0.0,1.0,2
0.146794872,-0.500641026,-0.067307692,-0.027884615,-2.517094017,0.0,0.0,1.0,3.0,1.0,0.0,0.0,2
0.196794872,0.399358974,0.132692308,0.622115385,-0.350427357,0.0,0.0,0.0,3.0,0.0,0.0,0.0,2
0.196794872,0.199358974,0.332692308,0.722115385,-4.183760677,0.0,0.0,0.0,2.0,1.0,0.0,0.0,2
0.296794872,-0.600641026,0.432692308,-1.377884615,-1.017094017,0.0,0.0,0.0,2.0,0.0,0.0,1.0,2
-0.553205128,-2.950641026,-0.467307692,0.222115385,-2.517094017,0.0,0.0,1.0,2.0,1.0,0.0,0.0,2
-0.003205128,0.549358974,0.532692308,0.722115385,-3.350427357,0.0,0.0,0.0,2.0,0.0,0.0,1.0,2
0.496794872,-0.550641026,0.182692308,-0.527884615,-0.350427357,0.0,0.0,0.0,1.0,1.0,0.0,0.0,2
-0.853205128,0.199358974,-0.217307692,-1.927884615,-1.517094017,0.0,0.0,0.0,2.0,0.0,0.0,1.0,2
0.196794872,-0.100641026,-0.017307692,-4.127884615,-1.850427357,1.0,0.0,1.0,2.0,1.0,0.0,0.0,2
0.196794872,0.249358974,0.282692308,0.872115385,-2.017094017,0.0,0.0,0.0,3.0,1.0,0.0,0.0,2
-0.103205128,-0.850641026,-1.667307692,0.022115385,0.816239323,0.0,0.0,0.0,2.0,1.0,0.0,0.0,2
0.446794872,0.749358974,-0.217307692,0.722115385,-2.017094017,0.0,0.0,1.0,2.0,1.0,0.0,0.0,2
-0.953205128,-0.550641026,-1.617307692,0.472115385,-0.517094017,0.0,0.0,1.0,2.0,1.0,0.0,0.0,2
-0.103205128,0.749358974,-0.967307692,-1.627884615,-0.017094017,0.0,0.0,1.0,4.0,1.0,0.0,0.0,2
0.296794872,-0.850641026,-1.917307692,0.772115385,-1.850427357,0.0,0.0,1.0,1.0,1.0,0.0,0.0,1
0.246794872,0.699358974,0.232692308,0.872115385,-2.850427357,0.0,0.0,1.0,3.0,1.0,0.0,0.0,1
-1.103205128,-0.150641026,0.182692308,0.072115385,-3.850427357,0.0,0.0,1.0,2.0,0.0,0.0,0.0,1
-0.403205128,-0.450641026,0.382692308,0.572115385,-5.183760677,0.0,0.0,1.0,2.0,1.0,0.0,0.0,1
-0.453205128,-1.100641026,-0.067307692,-1.227884615,-0.517094017,0.0,0.0,1.0,2.0,1.0,0.0,0.0,1
-0.403205128,-0.250641026,-0.367307692,0.722115385,-3.850427357,0.0,0.0,1.0,2.0,1.0,0.0,0.0,1
-0.303205128,0.449358974,0.282692308,0.572115385,-2.683760677,0.0,0.0,1.0,2.0,1.0,0.0,0.0,1
0.446794872,0.649358974,-0.217307692,-1.627884615,-2.350427357,0.0,0.0,1.0,2.0,1.0,0.0,0.0,1
-0.103205128,0.049358974,-0.067307692,0.472115385,-2.850427357,0.0,0.0,1.0,1.0,1.0,0.0,0.0,1
-0.253205128,0.199358974,0.232692308,-0.727884615,-2.183760677,0.0,0.0,1.0,2.0,0.0,0.0,0.0,1
-2.153205128,-0.000641026,0.082692308,0.872115385,-5.683760677,0.0,0.0,0.0,1.0,1.0,0.0,0.0,1
0.046794872,-0.350641026,0.082692308,0.872115385,-2.517094017,0.0,0.0,1.0,2.0,1.0,0.0,0.0,1
-0.153205128,-0.600641026,-0.817307692,0.072115385,-5.183760677,0.0,0.0,0.0,2.0,1.0,0.0,0.0,1
-0.703205128,-1.250641026,-0.217307692,0.422115385,0.316239323,0.0,0.0,1.0,3.0,1.0,0.0,0.0,1
-0.603205128,-0.550641026,0.182692308,-4.127884615,-4.017094017,1.0,0.0,1.0,3.0,1.0,0.0,0.0,1
-0.203205128,0.449358974,-0.167307692,0.072115385,-2.850427357,0.0,0.0,1.0,1.0,0.0,0.0,1.0,1
0.146794872,0.699358974,0.382692308,-0.627884615,-4.517094017,0.0,0.0,1.0,2.0,1.0,0.0,0.0,1
-0.203205128,-0.200641026,-0.417307692,-0.077884615,-4.017094017,0.0,0.0,1.0,2.0,1.0,0.0,0.0,1
-0.303205128,-1.900641026,-0.117307692,-0.627884615,-3.683760677,0.0,0.0,1.0,1.0,0.0,0.0,0.0,1
0.196794872,0.499358974,0.082692308,0.222115385,-12.51709402,0.0,1.0,1.0,2.0,1.0,0.0,0.0,1
-1.103205128,-1.950641026,-2.317307692,0.522115385,-1.350427357,0.0,0.0,1.0,1.0,1.0,0.0,0.0,1
-4.503205128,-4.250641026,0.132692308,0.772115385,-5.683760677,2.0,0.0,1.0,1.0,1.0,0.0,0.0,1
-0.703205128,-0.250641026,0.232692308,-1.827884615,-4.350427357,0.0,0.0,0.0,3.0,1.0,0.0,0.0,1
-0.403205128,0.749358974,0.182692308,-1.627884615,-3.683760677,0.0,0.0,1.0,2.0,1.0,0.0,0.0,1
0.246794872,-1.650641026,0.182692308,0.372115385,-2.517094017,0.0,0.0,1.0,5.0,1.0,0.0,0.0,1
-0.103205128,-1.150641026,-4.417307692,-1.627884615,-4.517094017,1.0,0.0,1.0,3.0,1.0,0.0,0.0,1
-2.253205128,-3.000641026,-1.317307692,-1.777884615,-5.017094017,0.0,0.0,1.0,4.0,0.0,0.0,1.0,1
-0.253205128,-2.000641026,-1.867307692,-4.127884615,-3.850427357,1.0,0.0,0.0,2.0,1.0,0.0,1.0,1
-1.403205128,-2.300641026,-4.417307692,-3.127884615,-7.350427357,1.0,0.0,1.0,4.0,1.0,0.0,0.0,1
0.246969696,0.457621818,0.100573424,0.234090908,4.229090909,0.0,0.0,1.0,5.0,0.0,0.0,0.0,3
-1.453030304,0.497621818,0.408265734,0.234090908,4.629090909,0.0,0.0,1.0,1.0,1.0,0.0,0.0,3
0.146969696,0.497621818,0.177496504,0.234090908,5.829090909,0.0,0.0,0.0,1.0,1.0,0.0,0.0,3
0.080303031,0.057621818,0.023650349,0.442424243,5.429090909,0.0,0.0,1.0,1.0,1.0,0.0,0.0,3
-0.153030304,0.497621818,0.254419579,0.150757578,5.629090909,0.0,0.0,1.0,2.0,1.0,0.0,0.0,3
-0.053030304,-0.054378182,0.217496504,0.275757578,1.429090909,0.0,0.0,1.0,2.0,1.0,0.0,0.0,3
0.246969696,0.257621818,0.292881119,0.359090908,4.229090909,0.0,0.0,1.0,2.0,1.0,0.0,0.0,3
0.246969696,-0.062378182,0.215958044,0.192424243,5.229090909,0.0,0.0,1.0,2.0,1.0,0.0,1.0,3
0.280303031,0.417621818,0.215958044,0.025757578,7.429090909,0.0,0.0,1.0,3.0,1.0,0.0,1.0,3
0.280303031,0.497621818,0.408265734,0.275757578,3.829090909,0.0,0.0,1.0,2.0,1.0,0.0,0.0,3
0.113636366,0.497621818,0.339419579,0.442424243,2.029090909,0.0,0.0,1.0,1.0,1.0,0.0,0.0,3
0.246969696,0.442021818,0.331342659,0.067424243,2.829090909,0.0,0.0,0.0,2.0,0.0,0.0,1.0,3
0.046969696,0.497621818,0.369804194,0.025757578,2.829090909,0.0,0.0,0.0,1.0,1.0,0.0,0.0,3
0.280303031,-0.342378182,0.408265734,0.317424243,4.029090909,0.0,0.0,1.0,1.0,1.0,0.0,0.0,3
0.246969696,0.297621818,0.177496504,-0.432575757,1.429090909,0.0,0.0,1.0,2.0,0.0,0.0,1.0,3
0.280303031,0.297621818,-0.014811191,0.234090908,2.629090909,0.0,0.0,1.0,3.0,1.0,0.0,0.0,3
0.246969696,0.297621818,0.139034964,0.275757578,3.629090909,0.0,0.0,1.0,1.0,0.0,0.0,1.0,3
0.180303031,0.057621818,0.408265734,0.400757578,-0.170909091,0.0,0.0,1.0,1.0,1.0,0.0,0.0,3
0.280303031,0.497621818,0.215958044,-0.182575757,3.029090909,0.0,0.0,1.0,1.0,1.0,0.0,0.0,3
0.280303031,-0.142378182,0.408265734,0.067424243,3.829090909,0.0,0.0,1.0,2.0,1.0,0.0,0.0,3
-0.319696969,-0.502378182,0.319419579,-0.140909092,3.229090909,0.0,0.0,0.0,3.0,1.0,0.0,0.0,3
0.146969696,-0.102378182,0.177496504,0.067424243,3.629090909,0.0,0.0,1.0,3.0,1.0,0.0,0.0,3
0.280303031,0.297621818,0.408265734,0.442424243,3.429090909,0.0,0.0,1.0,1.0,1.0,0.0,0.0,3
0.280303031,0.457621818,0.408265734,0.192424243,2.629090909,0.0,0.0,1.0,2.0,1.0,0.0,0.0,3
0.013636366,0.017621818,0.331342659,0.192424243,4.829090909,0.0,0.0,1.0,2.0,1.0,0.0,0.0,3
0.280303031,0.217621818,0.408265734,0.150757578,2.029090909,0.0,0.0,1.0,1.0,1.0,0.0,0.0,3
0.280303031,0.297621818,0.212881119,0.109090908,3.829090909,0.0,0.0,1.0,2.0,0.0,1.0,1.0,3
-0.519696969,0.417621818,0.139034964,0.067424243,4.629090909,0.0,0.0,1.0,2.0,1.0,0.0,0.0,3
0.246969696,0.097621818,0.215958044,0.150757578,2.029090909,0.0,0.0,1.0,2.0,1.0,0.0,0.0,3
0.280303031,-0.102378182,0.023650349,0.192424243,3.229090909,0.0,0.0,1.0,1.0,0.0,0.0,1.0,3
0.280303031,0.497621818,0.408265734,0.442424243,0.229090909,0.0,0.0,0.0,2.0,1.0,0.0,0.0,3
0.080303031,0.417621818,0.276342659,0.359090908,0.829090909,0.0,0.0,1.0,2.0,1.0,0.0,0.0,3
0.146969696,0.497621818,0.292881119,0.192424243,1.229090909,0.0,0.0,0.0,2.0,1.0,0.0,0.0,3
0.146969696,-0.062378182,-0.014811191,-0.307575757,2.629090909,0.0,0.0,1.0,3.0,0.0,1.0,0.0,3
0.280303031,-0.022378182,0.331342659,0.150757578,2.229090909,0.0,0.0,1.0,3.0,0.0,0.0,0.0,3
0.280303031,0.137621818,0.408265734,0.359090908,1.429090909,0.0,0.0,1.0,2.0,1.0,0.0,0.0,3
0.280303031,-0.022378182,0.331342659,0.234090908,2.629090909,0.0,0.0,0.0,2.0,1.0,0.0,0.0,3
0.246969696,0.486021818,0.408265734,0.317424243,2.029090909,0.0,0.0,1.0,1.0,1.0,0.0,0.0,3
0.280303031,0.297621818,0.369804194,0.150757578,-0.970909091,0.0,0.0,0.0,2.0,1.0,0.0,0.0,3
0.280303031,-0.022378182,0.139034964,0.234090908,-0.970909091,0.0,0.0,0.0,1.0,0.0,0.0,1.0,3
-0.186363634,0.377621818,0.408265734,0.192424243,0.229090909,0.0,0.0,1.0,2.0,1.0,0.0,0.0,3
0.280303031,0.137621818,0.408265734,0.067424243,2.229090909,0.0,0.0,1.0,1.0,1.0,0.0,0.0,3
0.080303031,0.337621818,0.143650349,0.275757578,3.829090909,0.0,0.0,1.0,2.0,1.0,1.0,0.0,3
0.146969696,0.257621818,0.177496504,-0.057575757,2.229090909,0.0,0.0,0.0,2.0,1.0,0.0,0.0,3
-0.253030304,0.096021818,-0.022118881,-0.015909092,3.029090909,0.0,0.0,0.0,3.0,1.0,0.0,0.0,3
0.246969696,-0.062378182,0.331342659,0.025757578,2.829090909,0.0,0.0,1.0,2.0,1.0,0.0,0.0,3
-0.086363634,0.097621818,-0.020965036,0.025757578,0.229090909,0.0,0.0,0.0,3.0,0.0,1.0,0.0,3
-0.053030304,-0.022378182,0.215958044,-0.057575757,0.429090909,0.0,0.0,1.0,1.0,0.0,0.0,1.0,3
0.280303031,0.297621818,0.331342659,0.109090908,1.029090909,0.0,0.0,1.0,2.0,1.0,0.0,0.0,3
0.080303031,0.497621818,-0.060195806,0.275757578,1.429090909,0.0,0.0,1.0,1.0,1.0,0.0,0.0,3
0.013636366,0.137621818,0.408265734,-0.015909092,3.229090909,0.0,0.0,1.0,4.0,0.0,0.0,0.0,3
0.280303031,0.057621818,0.139034964,0.067424243,-0.970909091,0.0,0.0,1.0,1.0,1.0,0.0,0.0,3
0.280303031,0.097621818,-0.004426576,-0.057575757,0.029090909,0.0,0.0,1.0,3.0,0.0,0.0,1.0,3
0.280303031,0.090021818,0.408265734,0.067424243,-0.970909091,0.0,0.0,1.0,1.0,1.0,0.0,0.0,3
0.246969696,0.057621818,0.408265734,0.317424243,1.229090909,0.0,0.0,1.0,1.0,1.0,0.0,0.0,3
0.146969696,0.257621818,0.331342659,0.150757578,1.029090909,0.0,0.0,1.0,2.0,1.0,0.0,0.0,3
0.280303031,0.297621818,0.408265734,0.234090908,2.629090909,0.0,0.0,0.0,3.0,1.0,0.0,0.0,3
0.213636366,-0.102378182,0.139034964,0.067424243,1.429090909,0.0,0.0,0.0,2.0,1.0,0.0,0.0,3
0.146969696,0.097621818,-2.239811191,-0.099242422,3.429090909,0.0,0.0,1.0,3.0,1.0,0.0,0.0,3
0.280303031,0.297621818,-0.284041956,0.192424243,3.029090909,0.0,0.0,1.0,2.0,1.0,0.0,0.0,3
0.113636366,0.417621818,0.292881119,0.025757578,1.229090909,0.0,0.0,1.0,2.0,1.0,0.0,0.0,3
0.213636366,0.486821818,0.330958044,-0.057575757,3.229090909,0.0,0.0,1.0,1.0,1.0,0.0,0.0,3
0.113636366,0.257621818,0.215958044,-0.224242422,1.029090909,0.0,0.0,0.0,2.0,1.0,0.0,1.0,3
0.280303031,0.297621818,0.177496504,0.150757578,-0.970909091,0.0,0.0,1.0,2.0,1.0,0.0,0.0,3
0.246969696,-2.422378182,-1.322503496,-0.182575757,3.029090909,0.0,0.0,1.0,2.0,1.0,0.0,0.0,3
0.146969696,0.177621818,0.408265734,0.400757578,2.429090909,0.0,0.0,1.0,2.0,1.0,0.0,0.0,3
0.246969696,0.137621818,0.408265734,0.150757578,-1.770909091,0.0,0.0,1.0,2.0,1.0,0.0,0.0,3
0.246969696,0.497621818,0.408265734,0.150757578,-1.570909091,0.0,0.0,0.0,2.0,1.0,0.0,0.0,3
0.080303031,0.177621818,0.408265734,0.067424243,0.429090909,0.0,0.0,1.0,2.0,1.0,0.0,0.0,3
0.280303031,0.454821818,0.331342659,0.109090908,2.229090909,0.0,0.0,1.0,2.0,1.0,0.0,0.0,3
0.146969696,0.297621818,0.180573424,0.109090908,0.029090909,0.0,0.0,1.0,1.0,1.0,0.0,0.0,3
0.280303031,0.057621818,0.408265734,0.234090908,-0.170909091,0.0,0.0,1.0,1.0,0.0,0.0,1.0,3
0.146969696,0.217621818,0.139034964,0.150757578,3.429090909,0.0,0.0,0.0,2.0,1.0,0.0,1.0,3
0.246969696,-0.282778182,-0.399426576,0.109090908,1.629090909,0.0,0.0,0.0,3.0,1.0,0.0,0.0,3
0.280303031,0.497621818,0.408265734,0.359090908,-0.170909091,0.0,0.0,1.0,2.0,1.0,1.0,0.0,3
0.280303031,0.297621818,0.215958044,0.025757578,-2.370909091,0.0,0.0,1.0,2.0,1.0,0.0,0.0,3
0.246969696,-0.186378182,0.257111889,-0.057575757,1.029090909,0.0,0.0,1.0,1.0,1.0,0.0,0.0,3
0.280303031,0.497621818,0.408265734,0.317424243,1.229090909,0.0,0.0,1.0,2.0,1.0,0.0,0.0,3
0.246969696,0.297621818,0.408265734,0.317424243,1.429090909,0.0,0.0,1.0,4.0,0.0,0.0,0.0,3
0.013636366,0.257621818,-0.091734266,0.234090908,0.429090909,0.0,0.0,0.0,2.0,1.0,0.0,0.0,3
0.280303031,0.297621818,0.408265734,0.109090908,3.829090909,0.0,0.0,1.0,4.0,1.0,0.0,1.0,3
0.146969696,0.497621818,0.331342659,-0.015909092,-1.170909091,0.0,0.0,0.0,2.0,1.0,0.0,0.0,3
-0.253030304,0.497621818,0.177496504,-0.265909092,2.629090909,0.0,0.0,0.0,3.0,0.0,0.0,1.0,3
0.146969696,0.177621818,0.254419579,-0.015909092,-0.770909091,0.0,0.0,1.0,2.0,1.0,0.0,0.0,3
0.146969696,0.337621818,0.331342659,0.192424243,0.429090909,0.0,0.0,1.0,2.0,1.0,0.0,0.0,2
0.146969696,-0.062378182,-1.053272726,-0.099242422,0.229090909,0.0,0.0,1.0,2.0,0.0,0.0,1.0,2
0.280303031,0.257621818,-0.168657341,-0.099242422,1.029090909,0.0,0.0,1.0,2.0,1.0,0.0,0.0,2
-1.419696969,-0.102378182,0.215958044,0.192424243,-0.770909091,0.0,0.0,1.0,2.0,1.0,0.0,0.0,2
-1.619696969,-0.062378182,0.215958044,-0.432575757,2.229090909,0.0,0.0,1.0,3.0,0.0,1.0,1.0,2
-0.219696969,0.017621818,0.084034964,0.150757578,-0.170909091,0.0,0.0,1.0,5.0,0.0,1.0,0.0,3
0.180303031,-0.582378182,0.215958044,0.109090908,-2.370909091,0.0,0.0,0.0,2.0,1.0,0.0,0.0,2
0.246969696,-0.342378182,0.215958044,-0.307575757,0.029090909,0.0,0.0,1.0,2.0,1.0,0.0,0.0,2
0.246969696,0.297621818,0.408265734,0.317424243,0.429090909,0.0,0.0,0.0,2.0,1.0,0.0,0.0,2
0.280303031,0.497621818,0.408265734,0.234090908,0.429090909,0.0,0.0,0.0,2.0,1.0,0.0,0.0,2
0.280303031,0.297621818,-0.053272726,0.025757578,3.229090909,0.0,0.0,1.0,2.0,1.0,0.0,0.0,2
0.246969696,0.297621818,0.215958044,0.109090908,0.829090909,0.0,0.0,1.0,2.0,1.0,0.0,0.0,2
-0.386363634,0.292821818,0.100573424,0.317424243,-0.770909091,0.0,0.0,1.0,3.0,1.0,0.0,1.0,2
-0.419696969,-0.033178182,-0.207118881,-0.140909092,-0.970909091,0.0,0.0,1.0,1.0,1.0,0.0,0.0,2
-0.053030304,0.289621818,0.215958044,0.192424243,-1.970909091,0.0,0.0,1.0,1.0,1.0,0.0,0.0,2
0.246969696,-0.022378182,0.331342659,0.192424243,-1.570909091,0.0,0.0,0.0,2.0,1.0,0.0,1.0,2
0.246969696,-0.172778182,0.100573424,0.109090908,-0.170909091,0.0,0.0,1.0,2.0,1.0,0.0,0.0,2
0.280303031,0.297621818,0.408265734,0.317424243,-0.970909091,0.0,0.0,1.0,2.0,1.0,0.0,0.0,2
0.280303031,0.217621818,0.292881119,0.234090908,0.829090909,0.0,0.0,1.0,2.0,1.0,0.0,0.0,2
0.280303031,0.457621818,0.408265734,0.317424243,0.229090909,0.0,0.0,0.0,2.0,1.0,0.0,0.0,2
0.280303031,0.057621818,0.215958044,0.234090908,-0.370909091,0.0,0.0,0.0,2.0,1.0,0.0,0.0,2
0.280303031,0.257621818,0.408265734,0.234090908,-1.370909091,0.0,0.0,1.0,3.0,1.0,0.0,0.0,2
-1.953030304,0.258021818,-0.553272726,-0.390909092,3.029090909,0.0,0.0,1.0,1.0,0.0,1.0,0.0,2
0.280303031,0.097621818,0.408265734,0.067424243,-1.370909091,0.0,0.0,1.0,2.0,1.0,0.0,0.0,2
0.246969696,0.137621818,0.331342659,0.234090908,3.029090909,0.0,0.0,1.0,2.0,0.0,0.0,1.0,2
0.146969696,0.497621818,0.139034964,0.442424243,-1.370909091,0.0,0.0,1.0,1.0,0.0,0.0,1.0,2
-0.453030304,0.297621818,0.100573424,0.109090908,0.029090909,0.0,0.0,1.0,2.0,1.0,0.0,0.0,2
0.246969696,0.497621818,-1.130195806,0.234090908,-2.570909091,0.0,0.0,0.0,1.0,1.0,0.0,0.0,2
0.146969696,0.497621818,0.407111889,0.359090908,-1.770909091,0.0,0.0,0.0,2.0,1.0,0.0,0.0,2
0.280303031,0.017621818,0.408265734,0.192424243,-0.370909091,0.0,0.0,1.0,2.0,1.0,0.0,0.0,2
0.280303031,0.257621818,0.331342659,-0.015909092,-1.370909091,0.0,0.0,1.0,2.0,1.0,0.0,0.0,2
0.280303031,-0.022378182,0.408265734,0.067424243,-3.970909091,0.0,0.0,1.0,3.0,1.0,0.0,0.0,2
0.280303031,-0.022378182,0.177496504,-0.015909092,-2.370909091,0.0,0.0,0.0,2.0,1.0,0.0,0.0,2
0.280303031,-0.142378182,-0.053272726,-0.265909092,-0.970909091,0.0,0.0,1.0,2.0,1.0,0.0,0.0,2
0.280303031,0.297621818,0.408265734,0.192424243,0.429090909,0.0,0.0,1.0,2.0,0.0,0.0,1.0,2
0.146969696,-0.422378182,0.408265734,-0.265909092,1.029090909,0.0,0.0,1.0,2.0,1.0,0.0,1.0,2
0.246969696,0.497621818,-0.192118881,0.150757578,1.029090909,0.0,0.0,1.0,2.0,0.0,0.0,0.0,2
0.280303031,0.097621818,-0.130195806,-0.182575757,-0.170909091,0.0,0.0,0.0,2.0,1.0,0.0,0.0,2
-1.386363634,0.497621818,0.215958044,0.150757578,1.629090909,0.0,0.0,0.0,2.0,1.0,0.0,0.0,2
0.046969696,0.185621818,-1.168657341,-0.057575757,3.229090909,0.0,0.0,1.0,1.0,0.0,0.0,1.0,2
-0.086363634,0.137621818,0.215958044,0.317424243,-1.370909091,0.0,0.0,1.0,2.0,1.0,0.0,1.0,2
0.246969696,-2.062378182,-1.976349651,-0.057575757,-1.170909091,0.0,0.0,1.0,2.0,1.0,1.0,0.0,2
0.280303031,0.097621818,0.331342659,-0.057575757,-2.570909091,0.0,0.0,1.0,2.0,1.0,0.0,0.0,2
-0.386363634,-2.582378182,-0.542888111,-0.515909092,-0.970909091,0.0,0.0,1.0,2.0,1.0,0.0,0.0,2
0.280303031,-0.142378182,0.341727274,0.234090908,-2.170909091,0.0,0.0,0.0,2.0,1.0,0.0,1.0,2
0.280303031,-0.142378182,0.062111889,0.234090908,-0.170909091,0.0,0.0,0.0,2.0,1.0,0.0,0.0,2
0.246969696,-0.147178182,0.100573424,-0.932575757,1.029090909,0.0,0.0,1.0,1.0,1.0,0.0,0.0,2
0.146969696,-0.062378182,-0.130195806,0.192424243,0.029090909,0.0,0.0,1.0,2.0,1.0,0.0,0.0,2
0.280303031,-0.342378182,0.062111889,0.150757578,1.229090909,0.0,0.0,1.0,1.0,1.0,0.0,0.0,2
0.280303031,-1.702378182,0.100573424,-1.640909092,1.229090909,0.0,0.0,1.0,2.0,1.0,0.0,0.0,2
0.246969696,0.017621818,0.215958044,-0.265909092,0.029090909,0.0,0.0,0.0,2.0,1.0,0.0,0.0,2
0.280303031,0.497621818,0.408265734,0.317424243,-0.570909091,0.0,0.0,1.0,2.0,1.0,0.0,0.0,2
0.280303031,0.051621818,0.215958044,0.400757578,0.829090909,0.0,0.0,1.0,2.0,1.0,1.0,0.0,2
0.246969696,-0.493978182,0.408265734,0.234090908,-0.170909091,0.0,0.0,1.0,2.0,1.0,0.0,0.0,2
0.080303031,0.057621818,0.139034964,0.234090908,-1.370909091,0.0,0.0,1.0,2.0,1.0,0.0,0.0,2
0.246969696,-1.822378182,-1.514811191,-1.390909092,2.029090909,0.0,0.0,1.0,2.0,1.0,0.0,1.0,2
-1.519696969,-1.822378182,0.071342659,0.109090908,-0.170909091,0.0,0.0,1.0,0.0,1.0,0.0,0.0,2
0.113636366,0.497621818,0.215958044,0.150757578,-1.170909091,0.0,0.0,1.0,2.0,0.0,0.0,1.0,2
0.146969696,0.497621818,0.215958044,0.192424243,-1.170909091,0.0,0.0,1.0,2.0,1.0,0.0,0.0,2
-1.386363634,-0.121978182,-0.032503496,0.317424243,0.029090909,0.0,0.0,1.0,2.0,0.0,0.0,1.0,2
0.280303031,0.057621818,0.331342659,0.359090908,-1.770909091,0.0,0.0,0.0,2.0,1.0,0.0,0.0,2
0.280303031,0.417621818,0.408265734,0.359090908,-1.370909091,0.0,0.0,0.0,2.0,1.0,0.0,0.0,2
0.146969696,0.497621818,0.215958044,0.317424243,-2.570909091,0.0,0.0,0.0,2.0,1.0,0.0,0.0,2
0.246969696,0.097621818,0.408265734,0.025757578,-0.370909091,0.0,0.0,0.0,2.0,1.0,0.0,0.0,2
0.113636366,0.417621818,0.100573424,0.150757578,-2.170909091,0.0,0.0,0.0,2.0,1.0,0.0,0.0,2
0.213636366,0.297621818,0.062111889,-0.224242422,-1.770909091,0.0,0.0,1.0,2.0,1.0,0.0,0.0,2
0.280303031,0.417621818,0.215958044,0.067424243,-1.970909091,0.0,0.0,0.0,2.0,1.0,0.0,0.0,2
0.246969696,0.017621818,-0.076734266,0.234090908,-1.770909091,0.0,0.0,1.0,2.0,1.0,0.0,0.0,2
-0.086363634,-0.102378182,-0.053272726,-0.599242422,-1.570909091,0.0,0.0,1.0,2.0,0.0,0.0,1.0,2
0.280303031,0.497621818,0.408265734,0.275757578,-2.170909091,0.0,0.0,0.0,2.0,1.0,0.0,0.0,2
0.146969696,0.497621818,-0.187888111,-0.432575757,-1.770909091,0.0,0.0,0.0,3.0,1.0,0.0,0.0,2
0.146969696,-0.102378182,0.139034964,-0.265909092,-0.770909091,0.0,0.0,0.0,2.0,1.0,0.0,0.0,2
0.146969696,-0.102378182,0.408265734,-0.474242422,-0.970909091,0.0,0.0,0.0,2.0,1.0,0.0,0.0,2
-1.419696969,-0.102378182,-0.245580421,0.150757578,-1.370909091,0.0,0.0,1.0,1.0,1.0,0.0,0.0,2
0.146969696,0.057621818,-0.360965036,-0.307575757,1.229090909,0.0,0.0,1.0,2.0,1.0,0.0,0.0,2
-1.319696969,0.137621818,0.292881119,-0.057575757,-1.370909091,0.0,0.0,1.0,1.0,1.0,0.0,0.0,2
0.113636366,0.497621818,0.100573424,-0.349242422,-2.370909091,0.0,0.0,1.0,2.0,1.0,0.0,0.0,2
-0.319696969,0.017621818,0.215958044,-0.682575757,-0.770909091,0.0,0.0,1.0,2.0,1.0,0.0,0.0,2
0.280303031,0.217621818,-0.091734266,-0.390909092,0.629090909,0.0,0.0,0.0,2.0,1.0,0.0,0.0,2
-1.553030304,-0.222378182,0.408265734,-1.265909092,-1.570909091,0.0,0.0,1.0,2.0,1.0,0.0,0.0,2
0.146969696,-0.022378182,-0.130195806,0.150757578,-1.170909091,0.0,0.0,1.0,2.0,1.0,0.0,0.0,2
0.080303031,-0.502378182,0.215958044,0.150757578,-1.770909091,0.0,0.0,1.0,2.0,1.0,0.0,0.0,2
0.280303031,0.337621818,0.408265734,-0.140909092,-2.370909091,0.0,0.0,0.0,2.0,1.0,0.0,1.0,2
0.246969696,-0.062378182,0.292881119,0.192424243,-0.370909091,0.0,0.0,1.0,2.0,1.0,0.0,0.0,2
0.280303031,-0.725978182,0.292881119,-0.099242422,-1.770909091,0.0,0.0,1.0,2.0,1.0,0.0,0.0,2
0.280303031,0.297621818,0.023650349,0.359090908,-2.770909091,0.0,0.0,1.0,2.0,1.0,0.0,0.0,2
-0.953030304,-0.502378182,-0.360965036,-0.057575757,-0.170909091,0.0,0.0,1.0,3.0,1.0,0.0,0.0,2
0.280303031,-0.342378182,0.100573424,-0.015909092,-2.170909091,0.0,0.0,1.0,2.0,1.0,0.0,0.0,2
0.080303031,0.497621818,-0.130195806,0.109090908,-1.770909091,0.0,0.0,1.0,2.0,1.0,0.0,0.0,2
-0.286363634,-0.702378182,0.177496504,0.109090908,-0.370909091,0.0,0.0,1.0,2.0,1.0,0.0,0.0,2
-0.519696969,0.297621818,0.254419579,-0.474242422,-0.370909091,0.0,0.0,0.0,2.0,0.0,0.0,1.0,1
0.280303031,0.497621818,0.215958044,0.067424243,0.229090909,0.0,0.0,1.0,3.0,0.0,0.0,1.0,1
0.280303031,0.497621818,0.036727274,0.234090908,-1.370909091,0.0,0.0,1.0,1.0,1.0,0.0,0.0,1
0.280303031,-0.022378182,0.215958044,-0.224242422,-2.370909091,0.0,0.0,0.0,2.0,1.0,0.0,0.0,1
0.080303031,-0.102378182,0.062111889,0.109090908,-2.970909091,0.0,0.0,1.0,3.0,0.0,0.0,0.0,1
-1.619696969,-0.342378182,-2.149426576,-0.557575757,-1.370909091,0.0,0.0,1.0,2.0,1.0,0.0,0.0,1
0.246969696,-0.022378182,-0.399426576,-0.015909092,-2.770909091,0.0,0.0,1.0,2.0,1.0,0.0,0.0,1
-2.719696969,0.017621818,0.408265734,-0.015909092,0.429090909,0.0,0.0,0.0,3.0,1.0,0.0,0.0,1
0.280303031,0.217621818,0.408265734,-0.224242422,-1.970909091,0.0,0.0,1.0,2.0,1.0,0.0,0.0,1
0.246969696,0.297621818,0.408265734,0.234090908,-3.570909091,0.0,0.0,1.0,2.0,1.0,0.0,0.0,1
0.246969696,0.297621818,0.139034964,0.275757578,-3.370909091,0.0,0.0,0.0,2.0,1.0,0.0,0.0,1
0.280303031,0.497621818,-0.005580421,-0.224242422,-0.370909091,0.0,0.0,0.0,2.0,1.0,0.0,0.0,1
0.246969696,0.097621818,0.215958044,-0.182575757,-2.370909091,0.0,0.0,0.0,3.0,1.0,0.0,0.0,1
0.080303031,0.497621818,0.254419579,0.109090908,-3.570909091,0.0,0.0,1.0,2.0,1.0,0.0,0.0,1
0.246969696,-0.502378182,0.062111889,0.109090908,-0.170909091,0.0,0.0,0.0,2.0,1.0,0.0,0.0,1
0.280303031,0.137621818,0.254419579,-0.682575757,-3.770909091,0.0,0.0,1.0,2.0,1.0,0.0,0.0,1
0.246969696,0.017621818,-2.284041956,-1.682575757,-1.170909091,0.0,0.0,0.0,2.0,1.0,0.0,0.0,1
0.146969696,-0.185578182,0.135188809,0.109090908,-3.770909091,0.0,0.0,1.0,2.0,0.0,0.0,1.0,1
-0.886363634,0.297621818,0.215958044,0.109090908,-0.770909091,0.0,0.0,0.0,1.0,1.0,0.0,0.0,1
-1.853030304,-1.251578182,-3.030195806,-0.224242422,-1.570909091,0.0,0.0,1.0,3.0,1.0,1.0,0.0,1
0.280303031,-0.062378182,0.177496504,-0.224242422,-5.370909091,0.0,0.0,0.0,2.0,1.0,0.0,0.0,1
0.280303031,-0.182378182,0.100573424,-0.140909092,-0.970909091,0.0,0.0,0.0,3.0,0.0,0.0,0.0,1
0.280303031,-0.302378182,0.215958044,-0.015909092,-3.170909091,0.0,0.0,0.0,2.0,1.0,0.0,0.0,1
0.013636366,-0.102378182,0.215958044,-0.182575757,-1.570909091,0.0,0.0,1.0,2.0,1.0,0.0,0.0,1
0.113636366,0.057621818,0.408265734,0.192424243,-2.770909091,0.0,0.0,0.0,2.0,1.0,0.0,0.0,1
0.280303031,-0.422378182,0.009419579,-1.515909092,-1.970909091,0.0,0.0,0.0,2.0,1.0,0.0,0.0,1
-0.386363634,-0.112778182,-0.207118881,-0.140909092,-0.970909091,0.0,0.0,1.0,3.0,1.0,0.0,0.0,1
0.280303031,-0.182378182,0.139034964,-0.224242422,-2.170909091,0.0,0.0,0.0,2.0,1.0,0.0,0.0,1
-1.586363634,0.097621818,0.062111889,-0.015909092,-2.770909091,0.0,0.0,1.0,2.0,1.0,0.0,0.0,1
0.146969696,-0.407978182,-1.822503496,-0.599242422,-2.570909091,0.0,0.0,1.0,2.0,1.0,0.0,0.0,1
-0.219696969,0.163221818,0.139034964,0.067424243,-3.370909091,0.0,0.0,1.0,2.0,1.0,0.0,0.0,1
-0.253030304,-0.378778182,-0.015580421,-0.224242422,-2.370909091,0.0,0.0,1.0,2.0,1.0,0.0,1.0,1
-1.419696969,-0.102378182,0.254419579,-0.307575757,-4.170909091,0.0,0.0,1.0,3.0,1.0,0.0,0.0,1
-1.386363634,-2.622378182,-2.091734266,-0.182575757,-2.370909091,0.0,0.0,1.0,2.0,1.0,0.0,0.0,1
0.280303031,-0.022378182,0.369804194,-0.349242422,-0.770909091,0.0,0.0,0.0,3.0,1.0,0.0,0.0,1
0.146969696,-2.302378182,-3.822503496,0.025757578,-4.370909091,0.0,0.0,1.0,2.0,1.0,0.0,0.0,1
0.280303031,-2.862378182,-2.572503496,-0.474242422,-1.970909091,0.0,0.0,1.0,3.0,1.0,0.0,0.0,1
-0.186363634,0.097621818,-1.591734266,-0.099242422,-4.170909091,0.0,0.0,1.0,2.0,0.0,0.0,1.0,1
0.146969696,-0.502378182,-0.156734266,-0.057575757,-4.170909091,0.0,0.0,0.0,3.0,1.0,0.0,0.0,1
0.280303031,0.017621818,0.408265734,0.067424243,-2.970909091,0.0,0.0,1.0,2.0,1.0,0.0,0.0,1
0.280303031,0.217621818,-1.130195806,-0.182575757,-1.570909091,0.0,0.0,1.0,2.0,0.0,0.0,0.0,1
0.113636366,-0.502378182,-2.053272726,-0.724242422,-4.170909091,0.0,0.0,1.0,2.0,1.0,0.0,0.0,1
-0.319696969,-0.982778182,-1.899426576,-0.932575757,-2.370909091,0.0,0.0,1.0,2.0,1.0,0.0,0.0,1
-2.753030304,-1.021978182,-2.130195806,-1.182575757,-4.170909091,0.0,0.0,1.0,2.0,1.0,0.0,0.0,1
-1.853030304,-2.502378182,-2.014811191,-0.057575757,-6.770909091,0.0,0.0,0.0,3.0,1.0,0.0,0.0,1
0.146969696,-0.502378182,0.177496504,0.192424243,-7.170909091,0.0,0.0,0.0,3.0,1.0,0.0,0.0,1
0.739137931,0.687586207,0.932155172,0.70637931,5.538505747,0.0,0.0,1.0,1.0,1.0,0.0,0.0,3
0.389137931,0.537586207,0.632155172,0.65637931,5.871839077,0.0,0.0,1.0,1.0,1.0,0.0,0.0,3
0.139137931,0.037586207,-0.117844828,0.55637931,6.871839077,0.0,0.0,1.0,1.0,0.0,1.0,0.0,3
0.739137931,0.787586207,0.982155172,0.75637931,4.871839077,0.0,0.0,1.0,1.0,1.0,0.0,0.0,3
0.739137931,0.587586207,0.432155172,0.65637931,5.705172417,0.0,0.0,1.0,1.0,0.0,0.0,1.0,3
0.739137931,0.737586207,0.532155172,0.75637931,2.371839077,0.0,0.0,1.0,2.0,1.0,0.0,0.0,3
0.739137931,0.537586207,0.782155172,0.75637931,4.705172417,0.0,0.0,1.0,4.0,1.0,0.0,0.0,3
0.139137931,0.237586207,0.232155172,0.65637931,3.705172417,0.0,0.0,1.0,2.0,0.0,0.0,1.0,3
0.739137931,0.287586207,0.232155172,0.40637931,3.205172417,0.0,0.0,1.0,1.0,0.0,0.0,0.0,3
0.739137931,0.587586207,0.632155172,0.55637931,3.538505747,0.0,0.0,1.0,1.0,0.0,0.0,1.0,3
0.039137931,0.487586207,0.232155172,0.05637931,3.871839077,0.0,0.0,1.0,2.0,1.0,0.0,0.0,3
0.139137931,0.487586207,0.282155172,0.45637931,2.205172417,0.0,0.0,1.0,1.0,0.0,0.0,1.0,3
0.439137931,0.787586207,0.132155172,0.65637931,4.871839077,0.0,0.0,1.0,1.0,1.0,0.0,0.0,3
0.089137931,0.237586207,0.382155172,0.75637931,1.371839077,0.0,0.0,1.0,1.0,1.0,0.0,0.0,3
0.739137931,0.237586207,0.232155172,0.50637931,2.705172417,0.0,0.0,1.0,1.0,1.0,0.0,0.0,3
-4.260862069,0.437586207,0.532155172,0.35637931,5.371839077,1.0,0.0,1.0,1.0,1.0,0.0,0.0,3
0.289137931,0.487586207,0.482155172,0.50637931,4.205172417,0.0,0.0,1.0,2.0,1.0,0.0,0.0,3
0.189137931,0.587586207,0.732155172,0.55637931,3.705172417,0.0,0.0,1.0,3.0,0.0,0.0,1.0,3
0.489137931,0.337586207,0.682155172,0.00637931,3.705172417,0.0,0.0,1.0,2.0,1.0,0.0,0.0,3
0.389137931,0.487586207,0.082155172,0.70637931,2.205172417,0.0,0.0,1.0,1.0,1.0,0.0,0.0,3
0.439137931,0.187586207,0.482155172,0.50637931,3.705172417,0.0,0.0,1.0,2.0,1.0,0.0,0.0,3
0.139137931,0.087586207,0.732155172,0.20637931,4.038505747,0.0,0.0,1.0,2.0,1.0,0.0,0.0,3
0.739137931,0.787586207,0.482155172,0.75637931,4.705172417,0.0,0.0,1.0,2.0,0.0,0.0,1.0,3
0.389137931,0.687586207,0.282155172,0.35637931,2.371839077,0.0,0.0,1.0,2.0,1.0,0.0,0.0,3
0.439137931,-0.562413793,-0.017844828,-2.74362069,6.371839077,0.0,0.0,1.0,2.0,0.0,0.0,1.0,3
0.639137931,0.537586207,0.732155172,0.00637931,5.705172417,0.0,0.0,1.0,3.0,0.0,0.0,1.0,3
0.689137931,0.487586207,0.332155172,0.45637931,4.538505747,0.0,0.0,1.0,2.0,1.0,0.0,0.0,3
0.089137931,0.737586207,0.182155172,0.55637931,2.205172417,0.0,0.0,1.0,4.0,1.0,0.0,0.0,3
-0.410862069,0.287586207,0.532155172,0.65637931,3.871839077,0.0,0.0,1.0,1.0,0.0,0.0,1.0,3
0.739137931,0.537586207,0.632155172,0.65637931,3.538505747,0.0,0.0,1.0,2.0,1.0,0.0,0.0,3
0.639137931,0.487586207,0.082155172,0.60637931,3.371839077,0.0,0.0,0.0,1.0,1.0,0.0,0.0,3
0.689137931,0.787586207,0.632155172,0.60637931,4.205172417,0.0,0.0,0.0,2.0,1.0,0.0,0.0,3
0.739137931,0.537586207,0.632155172,0.75637931,1.371839077,0.0,0.0,0.0,2.0,1.0,0.0,0.0,3
-0.360862069,0.587586207,0.232155172,-0.09362069,4.871839077,0.0,0.0,1.0,2.0,1.0,0.0,0.0,3
-0.035862069,0.637586207,-0.017844828,0.60637931,5.205172417,0.0,0.0,1.0,3.0,1.0,0.0,0.0,3
0.739137931,0.487586207,0.482155172,-2.24362069,2.871839077,0.0,0.0,1.0,1.0,1.0,0.0,0.0,3
0.739137931,0.787586207,0.232155172,0.45637931,2.705172417,0.0,0.0,1.0,1.0,0.0,0.0,1.0,3
0.589137931,0.787586207,0.432155172,0.75637931,0.038505747,0.0,0.0,1.0,2.0,1.0,0.0,0.0,3
0.589137931,0.387586207,-0.267844828,0.75637931,2.371839077,0.0,0.0,0.0,1.0,1.0,0.0,0.0,3
-0.010862069,0.037586207,0.432155172,0.30637931,4.538505747,0.0,0.0,1.0,1.0,0.0,0.0,0.0,3
0.489137931,0.737586207,0.282155172,0.45637931,5.538505747,0.0,0.0,1.0,2.0,1.0,0.0,0.0,3
0.139137931,0.637586207,0.632155172,0.65637931,2.871839077,0.0,0.0,1.0,1.0,1.0,0.0,0.0,3
0.239137931,0.687586207,-2.267844828,0.60637931,3.205172417,0.0,0.0,0.0,3.0,0.0,0.0,1.0,3
0.689137931,0.337586207,0.132155172,0.60637931,0.871839077,0.0,0.0,1.0,1.0,1.0,0.0,0.0,3
0.389137931,0.137586207,0.182155172,0.50637931,3.038505747,0.0,0.0,0.0,1.0,0.0,0.0,1.0,3
0.039137931,0.737586207,0.332155172,0.50637931,4.705172417,0.0,0.0,1.0,1.0,1.0,0.0,0.0,3
0.589137931,0.087586207,0.882155172,0.45637931,3.205172417,0.0,0.0,1.0,1.0,1.0,0.0,0.0,3
0.739137931,0.337586207,0.282155172,0.60637931,2.038505747,0.0,0.0,0.0,1.0,1.0,0.0,0.0,3
-2.760862069,0.287586207,-0.367844828,0.70637931,2.205172417,0.0,0.0,1.0,1.0,1.0,0.0,0.0,3
0.739137931,0.187586207,0.682155172,0.65637931,0.705172417,0.0,0.0,0.0,1.0,0.0,0.0,0.0,3
0.539137931,0.537586207,0.882155172,0.65637931,-0.294827583,0.0,0.0,0.0,1.0,0.0,1.0,0.0,3
0.389137931,0.537586207,0.432155172,0.50637931,1.705172417,0.0,0.0,1.0,1.0,1.0,0.0,0.0,3
0.489137931,0.687586207,0.382155172,0.60637931,3.371839077,0.0,0.0,0.0,2.0,1.0,0.0,0.0,3
-0.310862069,0.537586207,0.132155172,0.60637931,5.205172417,0.0,0.0,1.0,5.0,0.0,0.0,0.0,3
0.589137931,0.187586207,0.482155172,0.35637931,2.038505747,0.0,0.0,0.0,2.0,0.0,0.0,1.0,3
-0.260862069,0.737586207,0.332155172,0.55637931,3.038505747,0.0,0.0,0.0,1.0,1.0,0.0,0.0,3
0.639137931,0.487586207,0.682155172,0.65637931,-0.628160923,0.0,0.0,0.0,1.0,1.0,0.0,0.0,3
0.739137931,0.537586207,0.582155172,0.45637931,0.205172417,0.0,0.0,0.0,2.0,0.0,0.0,1.0,3
0.739137931,0.337586207,0.432155172,0.45637931,2.705172417,0.0,0.0,1.0,2.0,1.0,0.0,0.0,3
0.689137931,0.087586207,0.332155172,0.55637931,-0.128160923,0.0,0.0,1.0,2.0,0.0,0.0,1.0,3
0.589137931,0.037586207,0.132155172,0.15637931,5.038505747,0.0,0.0,1.0,5.0,1.0,0.0,0.0,3
0.289137931,-0.062413793,0.382155172,0.40637931,3.538505747,0.0,0.0,1.0,1.0,1.0,0.0,0.0,3
-0.160862069,0.387586207,-0.167844828,0.50637931,2.705172417,0.0,0.0,1.0,2.0,1.0,0.0,0.0,3
0.639137931,0.487586207,0.032155172,0.10637931,2.205172417,0.0,0.0,1.0,2.0,1.0,0.0,0.0,3
0.589137931,0.487586207,0.232155172,0.55637931,1.705172417,0.0,0.0,1.0,1.0,1.0,0.0,0.0,3
0.489137931,0.687586207,0.632155172,0.55637931,1.871839077,0.0,0.0,1.0,3.0,0.0,1.0,0.0,3
0.039137931,0.037586207,0.682155172,0.70637931,1.371839077,0.0,0.0,0.0,2.0,1.0,0.0,0.0,3
0.689137931,0.237586207,0.282155172,0.65637931,-1.461494253,0.0,0.0,1.0,2.0,1.0,0.0,0.0,3
0.739137931,0.537586207,0.432155172,0.55637931,2.705172417,0.0,0.0,1.0,2.0,1.0,0.0,0.0,3
0.489137931,0.437586207,0.282155172,0.10637931,2.538505747,0.0,0.0,1.0,3.0,1.0,0.0,0.0,3
0.539137931,0.487586207,-0.017844828,0.60637931,2.038505747,0.0,0.0,0.0,2.0,1.0,0.0,0.0,3
0.239137931,0.687586207,0.482155172,0.50637931,0.038505747,0.0,0.0,1.0,2.0,1.0,0.0,0.0,3
-0.810862069,0.087586207,0.082155172,0.45637931,3.871839077,0.0,0.0,1.0,1.0,1.0,0.0,0.0,3
0.439137931,0.337586207,0.832155172,0.10637931,3.205172417,0.0,0.0,0.0,2.0,1.0,0.0,0.0,3
-0.760862069,0.737586207,-0.067844828,0.50637931,-0.294827583,0.0,0.0,0.0,2.0,1.0,0.0,0.0,3
-4.260862069,0.487586207,0.032155172,-2.24362069,5.538505747,1.0,0.0,1.0,3.0,0.0,0.0,1.0,3
0.439137931,0.287586207,0.282155172,0.30637931,2.371839077,0.0,0.0,0.0,2.0,0.0,0.0,1.0,3
0.639137931,-0.162413793,-2.267844828,0.20637931,2.871839077,0.0,0.0,0.0,3.0,0.0,1.0,0.0,3
0.589137931,0.587586207,-0.117844828,-0.04362069,5.205172417,0.0,0.0,0.0,1.0,0.0,0.0,1.0,3
0.689137931,0.537586207,0.332155172,0.75637931,1.205172417,0.0,0.0,0.0,2.0,1.0,0.0,0.0,3
0.589137931,0.537586207,0.232155172,0.40637931,1.871839077,0.0,0.0,1.0,2.0,0.0,0.0,0.0,3
0.089137931,-0.012413793,-0.017844828,0.55637931,-0.628160923,0.0,0.0,1.0,1.0,0.0,0.0,1.0,3
0.139137931,0.487586207,0.382155172,0.15637931,1.371839077,0.0,0.0,0.0,2.0,1.0,0.0,0.0,3
0.389137931,-0.062413793,0.032155172,0.45637931,0.371839077,0.0,0.0,1.0,1.0,1.0,0.0,0.0,3
-0.660862069,0.437586207,0.282155172,0.55637931,2.371839077,0.0,0.0,1.0,1.0,1.0,0.0,0.0,3
0.189137931,-0.412413793,0.732155172,0.50637931,-0.294827583,0.0,0.0,1.0,1.0,1.0,0.0,0.0,3
-0.110862069,0.337586207,0.432155172,0.35637931,1.205172417,0.0,0.0,1.0,1.0,0.0,0.0,1.0,3
-0.010862069,0.337586207,0.882155172,0.30637931,2.371839077,0.0,0.0,1.0,1.0,1.0,0.0,0.0,3
-0.310862069,0.587586207,0.332155172,0.30637931,1.871839077,0.0,0.0,1.0,5.0,0.0,0.0,0.0,3
0.739137931,0.737586207,0.682155172,0.75637931,1.705172417,0.0,0.0,0.0,3.0,0.0,0.0,1.0,3
-0.060862069,0.337586207,0.282155172,-0.14362069,3.538505747,0.0,0.0,1.0,4.0,0.0,1.0,0.0,3
0.739137931,0.687586207,0.682155172,0.35637931,1.205172417,0.0,0.0,0.0,2.0,1.0,0.0,0.0,3
0.639137931,0.087586207,0.582155172,0.30637931,0.038505747,0.0,0.0,1.0,1.0,1.0,0.0,0.0,3
0.639137931,0.537586207,0.082155172,0.40637931,2.205172417,0.0,0.0,1.0,2.0,1.0,0.0,0.0,3
-0.310862069,0.587586207,0.332155172,-0.14362069,2.205172417,0.0,0.0,0.0,1.0,1.0,0.0,0.0,3
0.739137931,0.787586207,0.482155172,0.10637931,-3.294827583,0.0,0.0,0.0,2.0,1.0,0.0,0.0,3
-0.010862069,0.637586207,0.132155172,0.35637931,3.205172417,0.0,0.0,0.0,1.0,1.0,0.0,0.0,3
-4.260862069,0.687586207,0.582155172,0.25637931,1.538505747,1.0,0.0,0.0,5.0,0.0,0.0,0.0,3
0.539137931,0.387586207,0.832155172,0.25637931,1.538505747,0.0,0.0,0.0,3.0,0.0,0.0,1.0,3
0.689137931,0.237586207,0.082155172,0.75637931,-3.461494253,0.0,0.0,1.0,1.0,1.0,0.0,0.0,3
0.539137931,0.587586207,0.332155172,0.65637931,-2.294827583,0.0,0.0,1.0,2.0,1.0,0.0,0.0,3
-1.210862069,0.387586207,0.032155172,0.65637931,3.871839077,0.0,0.0,1.0,2.0,1.0,0.0,0.0,3
0.239137931,0.237586207,0.532155172,0.50637931,1.038505747,0.0,0.0,1.0,1.0,0.0,0.0,1.0,3
0.639137931,0.387586207,0.032155172,0.40637931,-0.128160923,0.0,0.0,0.0,2.0,1.0,0.0,0.0,3
0.639137931,0.237586207,0.182155172,0.40637931,2.371839077,0.0,0.0,0.0,2.0,1.0,0.0,0.0,3
0.689137931,0.237586207,-0.617844828,0.50637931,2.871839077,0.0,0.0,1.0,2.0,0.0,0.0,1.0,3
0.539137931,0.687586207,0.232155172,0.60637931,2.205172417,0.0,0.0,1.0,1.0,0.0,0.0,0.0,3
0.739137931,0.237586207,0.532155172,0.75637931,-0.294827583,0.0,0.0,1.0,2.0,1.0,0.0,0.0,3
0.364137931,0.237586207,0.332155172,-0.14362069,-0.628160923,0.0,0.0,1.0,1.0,1.0,0.0,0.0,3
0.739137931,0.637586207,0.982155172,0.60637931,-0.794827583,0.0,0.0,0.0,1.0,1.0,0.0,0.0,3
-0.110862069,0.337586207,0.532155172,0.05637931,-0.628160923,0.0,0.0,1.0,2.0,1.0,0.0,0.0,3
0.589137931,0.437586207,0.532155172,0.45637931,-1.794827583,0.0,0.0,1.0,2.0,1.0,0.0,0.0,3
0.489137931,0.287586207,0.332155172,0.40637931,-1.461494253,0.0,0.0,0.0,2.0,1.0,0.0,0.0,3
0.689137931,0.537586207,0.182155172,0.30637931,-1.961494253,0.0,0.0,0.0,2.0,1.0,0.0,0.0,3
0.639137931,0.537586207,0.282155172,0.45637931,-1.628160923,0.0,0.0,1.0,2.0,1.0,0.0,0.0,3
-4.260862069,0.437586207,0.232155172,0.70637931,0.705172417,1.0,0.0,1.0,2.0,1.0,0.0,0.0,3
-0.210862069,0.637586207,0.232155172,0.50637931,0.705172417,0.0,0.0,0.0,2.0,1.0,0.0,0.0,3
0.639137931,0.637586207,0.132155172,0.55637931,-1.794827583,0.0,0.0,1.0,2.0,0.0,0.0,1.0,2
0.439137931,0.187586207,0.082155172,0.75637931,1.038505747,0.0,0.0,1.0,2.0,0.0,1.0,0.0,2
0.389137931,0.287586207,0.682155172,0.45637931,0.038505747,0.0,0.0,1.0,1.0,0.0,0.0,1.0,3
0.389137931,0.037586207,0.582155172,0.55637931,1.205172417,0.0,0.0,1.0,2.0,1.0,0.0,0.0,3
0.689137931,0.437586207,0.132155172,0.30637931,-0.628160923,0.0,0.0,1.0,2.0,1.0,0.0,0.0,3
0.439137931,-1.412413793,0.582155172,-1.59362069,2.538505747,0.0,0.0,0.0,3.0,0.0,0.0,1.0,3
-4.260862069,0.337586207,0.732155172,-0.84362069,4.705172417,1.0,0.0,1.0,1.0,1.0,0.0,0.0,2
0.139137931,0.387586207,0.382155172,-0.19362069,-0.961494253,0.0,0.0,0.0,1.0,1.0,0.0,0.0,2
0.389137931,0.537586207,0.332155172,0.50637931,0.538505747,0.0,0.0,0.0,2.0,0.0,0.0,0.0,2
0.589137931,0.237586207,-0.567844828,0.50637931,0.371839077,0.0,0.0,1.0,2.0,0.0,0.0,1.0,2
0.139137931,0.487586207,-0.017844828,0.25637931,0.705172417,0.0,0.0,0.0,2.0,1.0,0.0,0.0,2
-0.360862069,0.637586207,0.482155172,0.60637931,-0.128160923,0.0,0.0,0.0,2.0,1.0,0.0,0.0,2
0.139137931,0.037586207,-0.517844828,0.45637931,1.871839077,0.0,0.0,1.0,3.0,1.0,0.0,0.0,2
0.339137931,0.637586207,0.382155172,0.45637931,1.038505747,0.0,0.0,1.0,1.0,0.0,0.0,0.0,2
-0.310862069,0.187586207,0.282155172,0.15637931,-0.294827583,0.0,0.0,0.0,3.0,0.0,0.0,0.0,2
0.689137931,0.087586207,0.382155172,0.60637931,-0.794827583,0.0,0.0,1.0,2.0,1.0,0.0,0.0,2
0.239137931,0.637586207,0.232155172,0.35637931,1.371839077,0.0,0.0,1.0,2.0,1.0,0.0,0.0,2
-0.010862069,0.637586207,0.332155172,0.30637931,-4.12816092,0.0,0.0,0.0,1.0,1.0,0.0,0.0,2
0.139137931,0.137586207,0.132155172,-0.64362069,0.371839077,0.0,0.0,1.0,2.0,1.0,0.0,0.0,2
0.489137931,0.437586207,0.132155172,0.65637931,0.705172417,0.0,0.0,1.0,1.0,1.0,0.0,0.0,2
0.589137931,0.337586207,-0.067844828,0.25637931,-0.128160923,0.0,0.0,1.0,2.0,1.0,0.0,0.0,2
0.089137931,0.437586207,0.032155172,0.10637931,2.038505747,0.0,0.0,0.0,2.0,1.0,0.0,0.0,2
0.739137931,0.037586207,0.382155172,0.55637931,-0.461494253,0.0,0.0,1.0,1.0,0.0,0.0,1.0,2
0.339137931,0.687586207,0.882155172,0.60637931,-0.794827583,0.0,0.0,0.0,2.0,1.0,0.0,0.0,2
0.239137931,0.487586207,0.582155172,0.75637931,-0.628160923,0.0,0.0,0.0,1.0,1.0,0.0,0.0,2
0.689137931,0.437586207,0.332155172,0.10637931,0.371839077,0.0,0.0,1.0,2.0,0.0,0.0,1.0,2
0.189137931,0.287586207,0.382155172,0.30637931,1.538505747,0.0,0.0,0.0,3.0,1.0,0.0,0.0,2
0.239137931,0.387586207,-0.317844828,0.20637931,-0.961494253,0.0,0.0,1.0,1.0,1.0,0.0,0.0,2
0.589137931,0.487586207,0.332155172,0.55637931,0.705172417,0.0,0.0,1.0,2.0,1.0,0.0,0.0,2
0.139137931,-0.462413793,-0.067844828,0.50637931,1.871839077,0.0,0.0,1.0,2.0,1.0,0.0,0.0,2
0.189137931,0.537586207,-0.217844828,0.45637931,0.205172417,0.0,0.0,0.0,1.0,0.0,0.0,0.0,2
0.189137931,-0.062413793,0.432155172,0.50637931,-1.294827583,0.0,0.0,1.0,2.0,0.0,0.0,1.0,2
-0.110862069,-0.412413793,-0.217844828,0.40637931,0.205172417,0.0,0.0,0.0,4.0,0.0,0.0,0.0,2
0.239137931,-0.062413793,-0.017844828,-0.74362069,-0.794827583,0.0,0.0,1.0,2.0,1.0,0.0,0.0,2
0.589137931,0.787586207,0.582155172,-0.09362069,0.705172417,0.0,0.0,0.0,2.0,1.0,0.0,0.0,2
0.339137931,-0.162413793,0.582155172,0.45637931,-3.294827583,0.0,0.0,1.0,3.0,0.0,0.0,1.0,2
0.439137931,0.287586207,0.582155172,0.75637931,0.371839077,0.0,0.0,1.0,2.0,1.0,0.0,0.0,2
-0.660862069,0.487586207,-0.017844828,-0.34362069,1.205172417,0.0,0.0,0.0,2.0,1.0,0.0,0.0,2
0.139137931,0.037586207,0.532155172,0.55637931,-2.294827583,0.0,0.0,0.0,2.0,1.0,0.0,0.0,2
0.539137931,0.337586207,0.132155172,-0.34362069,-3.961494253,0.0,0.0,1.0,2.0,1.0,0.0,0.0,2
0.389137931,0.187586207,0.532155172,0.30637931,-0.628160923,0.0,0.0,1.0,2.0,1.0,0.0,0.0,2
0.289137931,-0.312413793,0.082155172,0.15637931,-0.128160923,0.0,0.0,0.0,2.0,1.0,0.0,0.0,2
0.139137931,-0.062413793,0.182155172,-0.04362069,0.038505747,0.0,0.0,0.0,2.0,1.0,0.0,0.0,2
0.589137931,0.287586207,-0.267844828,0.35637931,-1.294827583,0.0,0.0,0.0,2.0,0.0,0.0,1.0,2
0.589137931,0.637586207,0.632155172,0.30637931,1.038505747,0.0,0.0,0.0,2.0,0.0,0.0,0.0,2
-0.510862069,0.137586207,-0.067844828,0.45637931,-0.461494253,0.0,0.0,0.0,3.0,1.0,0.0,0.0,2
-0.360862069,0.337586207,0.232155172,0.45637931,-2.128160923,0.0,0.0,0.0,2.0,1.0,0.0,0.0,2
0.239137931,0.637586207,-0.317844828,-0.24362069,-2.294827583,0.0,0.0,0.0,1.0,0.0,0.0,0.0,2
0.589137931,0.787586207,0.332155172,0.50637931,1.038505747,0.0,0.0,0.0,2.0,1.0,0.0,0.0,2
0.289137931,-0.412413793,0.232155172,0.35637931,-1.461494253,0.0,0.0,1.0,2.0,1.0,0.0,0.0,2
0.639137931,0.287586207,0.232155172,0.55637931,-0.128160923,0.0,0.0,1.0,2.0,0.0,0.0,1.0,2
0.289137931,-0.262413793,0.082155172,-0.39362069,1.038505747,0.0,0.0,1.0,3.0,0.0,0.0,0.0,2
0.739137931,0.637586207,-0.617844828,-1.29362069,1.205172417,0.0,0.0,1.0,2.0,0.0,0.0,0.0,2
-0.160862069,-2.462413793,-0.767844828,-0.99362069,1.205172417,0.0,0.0,1.0,3.0,0.0,0.0,0.0,2
-0.910862069,0.437586207,0.382155172,0.10637931,-0.461494253,0.0,0.0,1.0,2.0,1.0,0.0,0.0,2
0.289137931,0.587586207,0.182155172,0.55637931,0.205172417,0.0,0.0,1.0,1.0,0.0,1.0,0.0,2
0.089137931,0.537586207,0.082155172,0.50637931,-2.128160923,0.0,0.0,0.0,2.0,1.0,0.0,0.0,2
-0.110862069,0.637586207,0.432155172,0.25637931,-2.628160923,0.0,0.0,1.0,4.0,0.0,0.0,0.0,2
-0.360862069,0.137586207,-0.017844828,-0.69362069,-0.794827583,0.0,0.0,0.0,2.0,1.0,0.0,0.0,2
0.289137931,0.237586207,0.632155172,0.55637931,-0.961494253,0.0,0.0,1.0,2.0,1.0,0.0,0.0,2
0.089137931,0.037586207,-0.367844828,0.20637931,-1.461494253,0.0,0.0,1.0,2.0,1.0,0.0,0.0,2
0.439137931,-0.212413793,0.282155172,0.20637931,-1.961494253,0.0,0.0,0.0,2.0,0.0,0.0,1.0,2
0.239137931,0.487586207,0.382155172,0.40637931,-1.961494253,0.0,0.0,1.0,2.0,1.0,0.0,0.0,2
0.439137931,0.037586207,0.132155172,0.00637931,-2.794827583,0.0,0.0,0.0,2.0,1.0,0.0,0.0,2
0.239137931,0.387586207,0.032155172,0.55637931,-1.794827583,0.0,0.0,0.0,2.0,1.0,0.0,0.0,2
0.339137931,0.487586207,-0.017844828,0.30637931,-1.461494253,0.0,0.0,1.0,1.0,1.0,0.0,0.0,2
0.489137931,-0.362413793,-0.117844828,0.50637931,-2.628160923,0.0,0.0,1.0,2.0,1.0,0.0,0.0,2
0.389137931,0.437586207,0.632155172,0.45637931,-0.461494253,0.0,0.0,1.0,2.0,1.0,0.0,0.0,2
-1.210862069,-0.062413793,-0.367844828,0.30637931,0.205172417,0.0,0.0,1.0,3.0,0.0,0.0,0.0,2
0.489137931,0.587586207,-0.017844828,0.60637931,-1.128160923,0.0,0.0,1.0,2.0,1.0,0.0,0.0,2
0.589137931,-0.262413793,0.432155172,-0.09362069,-1.294827583,0.0,0.0,0.0,2.0,0.0,0.0,1.0,2
0.089137931,0.137586207,0.082155172,0.65637931,-1.961494253,0.0,0.0,1.0,2.0,1.0,0.0,0.0,2
-0.610862069,0.187586207,-0.417844828,-0.34362069,1.205172417,0.0,0.0,0.0,2.0,1.0,0.0,0.0,2
-0.210862069,0.187586207,0.032155172,-0.69362069,0.371839077,0.0,0.0,1.0,2.0,1.0,0.0,0.0,2
0.439137931,0.287586207,-0.067844828,-0.14362069,2.538505747,0.0,0.0,1.0,2.0,1.0,0.0,0.0,2
0.339137931,-0.962413793,-1.117844828,-0.89362069,-2.128160923,0.0,0.0,1.0,3.0,1.0,0.0,0.0,2
0.539137931,0.437586207,-0.067844828,0.40637931,0.371839077,0.0,0.0,0.0,2.0,1.0,0.0,0.0,2
0.089137931,0.437586207,-0.067844828,0.40637931,-0.628160923,0.0,0.0,1.0,2.0,1.0,0.0,0.0,2
0.639137931,-0.062413793,0.182155172,-0.29362069,-4.794827586,0.0,0.0,1.0,2.0,1.0,0.0,0.0,2
-0.260862069,0.037586207,-0.367844828,-0.39362069,-0.961494253,0.0,0.0,1.0,3.0,0.0,0.0,0.0,2
-0.460862069,-0.162413793,0.132155172,-0.04362069,-3.461494253,0.0,0.0,1.0,2.0,1.0,0.0,0.0,2
0.289137931,-0.012413793,-0.017844828,0.25637931,-0.294827583,0.0,0.0,1.0,2.0,1.0,0.0,0.0,2
0.689137931,0.637586207,0.432155172,0.40637931,-0.628160923,0.0,0.0,0.0,2.0,1.0,0.0,0.0,2
-0.260862069,-0.162413793,0.432155172,-0.79362069,0.205172417,0.0,0.0,0.0,2.0,1.0,0.0,0.0,2
0.039137931,0.337586207,0.482155172,0.45637931,-0.128160923,0.0,0.0,1.0,2.0,1.0,0.0,0.0,2
-4.260862069,-1.662413793,0.182155172,-0.19362069,-0.128160923,1.0,0.0,1.0,5.0,0.0,0.0,0.0,2
0.139137931,0.437586207,0.382155172,0.35637931,-2.128160923,0.0,0.0,1.0,2.0,0.0,0.0,0.0,2
-0.010862069,0.237586207,0.282155172,0.20637931,-1.461494253,0.0,0.0,0.0,2.0,1.0,0.0,0.0,2
0.489137931,-0.412413793,0.282155172,0.25637931,-2.628160923,0.0,0.0,1.0,1.0,1.0,0.0,0.0,2
0.389137931,-0.512413793,0.232155172,0.60637931,-1.294827583,0.0,0.0,0.0,2.0,1.0,0.0,0.0,2
-1.160862069,-0.162413793,0.482155172,0.20637931,-2.628160923,0.0,0.0,0.0,4.0,0.0,0.0,0.0,2
-4.260862069,0.737586207,0.382155172,0.50637931,-2.294827583,1.0,0.0,1.0,2.0,1.0,0.0,0.0,2
0.339137931,-0.262413793,0.032155172,0.05637931,-3.128160923,0.0,0.0,1.0,1.0,1.0,0.0,0.0,2
0.589137931,-0.112413793,-0.117844828,0.25637931,-3.961494253,0.0,0.0,1.0,2.0,1.0,0.0,0.0,2
-0.560862069,-0.112413793,-0.317844828,-0.74362069,-0.294827583,0.0,0.0,1.0,2.0,1.0,0.0,0.0,2
0.689137931,0.437586207,0.582155172,0.20637931,-2.961494253,0.0,0.0,0.0,1.0,1.0,0.0,0.0,2
0.289137931,-0.012413793,-1.317844828,0.25637931,-1.461494253,0.0,0.0,1.0,2.0,1.0,0.0,0.0,2
0.289137931,0.487586207,0.332155172,0.50637931,-2.628160923,0.0,0.0,0.0,3.0,1.0,0.0,0.0,2
-0.010862069,0.237586207,-0.467844828,-0.49362069,-3.294827583,0.0,0.0,1.0,2.0,1.0,0.0,0.0,2
0.339137931,0.487586207,0.032155172,0.20637931,0.371839077,0.0,0.0,1.0,2.0,1.0,0.0,0.0,2
-0.360862069,0.137586207,-0.367844828,-2.19362069,-0.294827583,0.0,0.0,1.0,3.0,0.0,0.0,0.0,2
0.589137931,0.037586207,0.232155172,0.05637931,-2.461494253,0.0,0.0,1.0,1.0,0.0,0.0,1.0,2
-0.860862069,0.087586207,0.032155172,-0.99362069,-2.961494253,0.0,0.0,1.0,2.0,1.0,0.0,0.0,2
0.439137931,-0.112413793,0.132155172,-0.14362069,-2.628160923,0.0,0.0,1.0,2.0,1.0,0.0,0.0,2
-0.610862069,-2.262413793,-1.017844828,-2.99362069,0.371839077,0.0,0.0,1.0,4.0,1.0,0.0,0.0,2
0.189137931,0.137586207,0.032155172,0.30637931,1.038505747,0.0,0.0,1.0,2.0,1.0,0.0,0.0,2
0.289137931,-1.512413793,-0.267844828,-0.09362069,-2.628160923,0.0,0.0,0.0,2.0,1.0,0.0,0.0,2
-0.560862069,0.587586207,-0.167844828,0.55637931,-5.294827586,0.0,0.0,1.0,4.0,1.0,0.0,0.0,2
-0.110862069,0.037586207,0.282155172,-0.64362069,-1.794827583,0.0,0.0,0.0,2.0,1.0,0.0,0.0,2
-0.060862069,-0.162413793,-0.517844828,-1.04362069,-0.461494253,0.0,0.0,0.0,1.0,1.0,0.0,0.0,2
0.539137931,-0.212413793,-0.117844828,0.10637931,-1.128160923,0.0,0.0,1.0,2.0,1.0,0.0,0.0,2
0.289137931,-0.562413793,0.282155172,0.55637931,-2.628160923,0.0,0.0,1.0,2.0,1.0,0.0,0.0,2
0.339137931,0.487586207,0.032155172,0.75637931,-6.294827586,0.0,0.0,1.0,4.0,1.0,0.0,0.0,2
0.039137931,0.087586207,-0.967844828,0.15637931,-1.961494253,0.0,0.0,1.0,3.0,0.0,0.0,0.0,2
-0.110862069,-0.262413793,-0.417844828,-0.29362069,-2.128160923,0.0,0.0,1.0,2.0,1.0,0.0,0.0,2
0.139137931,-1.262413793,-2.617844828,-0.84362069,2.205172417,0.0,0.0,1.0,2.0,1.0,0.0,0.0,2
0.589137931,-0.212413793,-0.567844828,-0.94362069,-1.128160923,0.0,0.0,0.0,2.0,1.0,0.0,0.0,2
0.089137931,0.087586207,-0.017844828,0.20637931,-2.128160923,0.0,0.0,1.0,2.0,1.0,0.0,0.0,2
0.539137931,0.237586207,0.482155172,0.35637931,-3.461494253,0.0,0.0,1.0,2.0,0.0,0.0,1.0,2
-0.410862069,-0.612413793,0.082155172,-0.19362069,-1.461494253,0.0,0.0,1.0,2.0,1.0,0.0,0.0,2
0.289137931,-0.212413793,0.432155172,0.45637931,-3.794827586,0.0,0.0,1.0,2.0,1.0,0.0,0.0,2
0.689137931,-0.512413793,0.532155172,0.50637931,-4.961494253,0.0,0.0,1.0,2.0,0.0,0.0,1.0,2
-0.310862069,-4.212413793,0.532155172,0.45637931,-0.461494253,1.0,0.0,1.0,2.0,1.0,0.0,0.0,2
0.739137931,0.537586207,0.382155172,0.60637931,-2.961494253,0.0,0.0,0.0,2.0,1.0,0.0,0.0,2
-0.460862069,0.087586207,-2.517844828,0.15637931,-1.128160923,0.0,0.0,1.0,1.0,0.0,0.0,1.0,2
-0.910862069,0.137586207,-0.117844828,0.35637931,-2.294827583,0.0,0.0,1.0,3.0,1.0,0.0,0.0,2
-1.560862069,-1.712413793,-1.767844828,-2.39362069,0.371839077,0.0,0.0,1.0,2.0,0.0,0.0,0.0,2
-4.260862069,0.387586207,0.482155172,0.10637931,-1.961494253,1.0,0.0,1.0,2.0,1.0,0.0,0.0,2
-4.260862069,-4.212413793,-1.267844828,-0.14362069,-1.961494253,2.0,0.0,1.0,4.0,1.0,0.0,0.0,2
-0.610862069,-4.212413793,0.532155172,-0.04362069,0.705172417,1.0,0.0,1.0,2.0,0.0,0.0,1.0,2
0.189137931,-0.012413793,0.332155172,0.10637931,-3.128160923,0.0,0.0,1.0,5.0,0.0,0.0,0.0,2
0.289137931,0.287586207,0.382155172,-0.24362069,-4.12816092,0.0,0.0,0.0,2.0,1.0,0.0,0.0,2
-0.810862069,0.337586207,-0.467844828,0.60637931,-2.294827583,0.0,0.0,0.0,2.0,1.0,0.0,0.0,2
0.089137931,-0.012413793,-1.867844828,-0.19362069,-0.128160923,0.0,0.0,1.0,2.0,1.0,0.0,0.0,2
-0.910862069,0.237586207,0.082155172,-0.14362069,-3.294827583,0.0,0.0,1.0,2.0,0.0,0.0,1.0,1
-0.460862069,-0.412413793,-0.017844828,0.40637931,-3.461494253,0.0,0.0,0.0,2.0,1.0,0.0,0.0,1
-0.610862069,-1.662413793,0.182155172,-1.39362069,0.705172417,0.0,0.0,0.0,4.0,1.0,0.0,0.0,1
-0.710862069,-0.762413793,-0.567844828,-0.09362069,-5.12816092,0.0,0.0,1.0,2.0,1.0,0.0,0.0,1
-0.010862069,-0.262413793,-2.317844828,-0.64362069,-1.628160923,0.0,0.0,1.0,2.0,1.0,0.0,0.0,1
0.939137931,-0.512413793,-0.767844828,-0.34362069,-3.294827583,0.0,0.0,1.0,2.0,1.0,0.0,0.0,1
-0.010862069,0.187586207,-0.267844828,0.65637931,-2.628160923,0.0,0.0,1.0,2.0,1.0,0.0,0.0,1
-0.160862069,-2.412413793,0.082155172,-1.14362069,-4.12816092,0.0,0.0,1.0,2.0,1.0,0.0,0.0,1
0.539137931,-4.212413793,-1.767844828,-0.69362069,-3.461494253,1.0,0.0,0.0,3.0,0.0,0.0,0.0,1
0.089137931,-2.112413793,0.282155172,0.45637931,-4.294827586,0.0,0.0,0.0,2.0,0.0,0.0,1.0,1
0.239137931,0.187586207,0.182155172,0.15637931,-5.794827586,0.0,0.0,0.0,2.0,1.0,0.0,0.0,1
-1.010862069,0.387586207,0.332155172,-0.69362069,-1.461494253,0.0,0.0,0.0,3.0,1.0,0.0,0.0,1
0.689137931,0.637586207,0.132155172,-0.19362069,-6.461494253,0.0,0.0,0.0,2.0,1.0,0.0,0.0,1
-0.610862069,-0.362413793,0.082155172,-0.89362069,-4.961494253,0.0,0.0,1.0,2.0,0.0,0.0,1.0,1
-0.210862069,-2.462413793,-2.267844828,-2.99362069,1.371839077,0.0,0.0,1.0,4.0,1.0,0.0,0.0,1
0.039137931,-2.462413793,-3.517844828,-2.04362069,2.538505747,0.0,0.0,0.0,3.0,1.0,0.0,0.0,1
0.189137931,-1.812413793,0.432155172,-4.24362069,0.871839077,1.0,0.0,1.0,2.0,1.0,0.0,0.0,1
0.089137931,-0.312413793,-0.217844828,-0.89362069,-3.294827583,0.0,0.0,1.0,2.0,1.0,0.0,0.0,1
0.539137931,-0.412413793,0.232155172,0.05637931,-6.62816092,0.0,0.0,0.0,2.0,1.0,0.0,0.0,1
-0.510862069,-0.312413793,-0.517844828,-4.24362069,-1.294827583,1.0,0.0,1.0,4.0,0.0,1.0,0.0,1
0.089137931,-0.062413793,-0.317844828,-3.49362069,-5.461494253,0.0,0.0,1.0,2.0,1.0,0.0,0.0,1
0.139137931,-2.512413793,-1.767844828,-1.59362069,-2.294827583,0.0,0.0,0.0,2.0,0.0,0.0,1.0,1
-0.660862069,-0.062413793,-1.917844828,-3.49362069,-4.461494253,0.0,0.0,0.0,2.0,1.0,0.0,0.0,1
-0.310862069,-0.012413793,-0.167844828,0.50637931,-6.294827586,0.0,0.0,0.0,2.0,1.0,0.0,0.0,1
-1.660862069,-1.662413793,-3.642844828,-1.74362069,-2.461494253,0.0,0.0,0.0,2.0,0.0,0.0,0.0,1
-0.260862069,-0.012413793,-0.467844828,-0.04362069,-4.294827586,0.0,0.0,1.0,2.0,1.0,0.0,0.0,1
0.189137931,-0.212413793,-0.517844828,-1.04362069,-4.294827586,0.0,0.0,1.0,2.0,1.0,0.0,0.0,1
0.739137931,0.437586207,0.532155172,0.25637931,-4.62816092,0.0,0.0,0.0,2.0,1.0,0.0,0.0,1
-2.810862069,-0.512413793,-0.217844828,-2.19362069,-8.62816092,0.0,0.0,1.0,5.0,0.0,0.0,0.0,1
-0.810862069,-2.912413793,-0.017844828,-1.69362069,-2.961494253,0.0,0.0,0.0,4.0,0.0,0.0,0.0,1
-2.460862069,-2.162413793,-3.517844828,-0.54362069,-2.294827583,0.0,0.0,1.0,4.0,1.0,0.0,0.0,1
-0.910862069,-1.212413793,-2.567844828,-2.34362069,-6.794827586,0.0,0.0,0.0,2.0,1.0,0.0,0.0,1
-1.210862069,-3.962413793,-4.267844828,-4.24362069,-0.628160923,2.0,0.0,1.0,3.0,0.0,0.0,0.0,1
0.089137931,-0.062413793,-0.117844828,-0.49362069,-3.294827583,0.0,0.0,0.0,3.0,0.0,0.0,0.0,1
-2.360862069,-1.562413793,-2.967844828,-3.24362069,-2.961494253,0.0,0.0,1.0,2.0,1.0,0.0,0.0,1
-4.260862069,-4.212413793,-4.267844828,-4.24362069,-2.294827583,4.0,0.0,1.0,3.0,1.0,0.0,0.0,1
0.339137931,0.187586207,-1.017844828,-0.94362069,-3.62816092,0.0,0.0,0.0,2.0,1.0,0.0,0.0,1
-0.510862069,-4.212413793,-0.167844828,-4.24362069,-13.46149425,2.0,1.0,1.0,2.0,1.0,0.0,0.0,1
-1.210862069,-4.212413793,-3.267844828,-1.84362069,-3.62816092,1.0,0.0,1.0,5.0,1.0,0.0,0.0,1
